--
-- PostgreSQL database dump
--

-- Dumped from database version 17.0
-- Dumped by pg_dump version 17.0

SET statement_timeout = 0;
SET lock_timeout = 0;
SET idle_in_transaction_session_timeout = 0;
SET client_encoding = 'UTF8';
SET standard_conforming_strings = on;
SELECT pg_catalog.set_config('search_path', '', false);
SET check_function_bodies = false;
SET xmloption = content;
SET client_min_messages = warning;
SET row_security = off;

SET default_tablespace = '';

SET default_table_access_method = heap;

--
-- Name: account_confirmation_tokens; Type: TABLE; Schema: public; Owner: -
--

CREATE TABLE public.account_confirmation_tokens (
    id bigint NOT NULL,
    create_by character varying(255),
    create_date timestamp(6) without time zone,
    update_by character varying(255),
    update_date timestamp(6) without time zone,
    uuid character varying(255) NOT NULL,
    confirmed boolean NOT NULL,
    confirmed_at timestamp(6) without time zone,
    expires_at timestamp(6) without time zone NOT NULL,
    token character varying(100) NOT NULL,
    user_id bigint NOT NULL
);


--
-- Name: account_confirmation_tokens_id_seq; Type: SEQUENCE; Schema: public; Owner: -
--

ALTER TABLE public.account_confirmation_tokens ALTER COLUMN id ADD GENERATED BY DEFAULT AS IDENTITY (
    SEQUENCE NAME public.account_confirmation_tokens_id_seq
    START WITH 1
    INCREMENT BY 1
    NO MINVALUE
    NO MAXVALUE
    CACHE 1
);


--
-- Name: affectations_travail; Type: TABLE; Schema: public; Owner: -
--

CREATE TABLE public.affectations_travail (
    id bigint NOT NULL,
    create_by character varying(255),
    create_date timestamp(6) without time zone,
    update_by character varying(255),
    update_date timestamp(6) without time zone,
    uuid character varying(255) NOT NULL,
    date_debut timestamp(6) without time zone NOT NULL,
    date_fin_prevue timestamp(6) without time zone NOT NULL,
    date_fin_reelle timestamp(6) without time zone,
    notes text,
    statut character varying(20) NOT NULL,
    demande_id bigint NOT NULL,
    proforma_id bigint NOT NULL,
    technicien_id bigint NOT NULL,
    CONSTRAINT affectations_travail_statut_check CHECK (((statut)::text = ANY ((ARRAY['A_FAIRE'::character varying, 'EN_COURS'::character varying, 'TERMINE'::character varying, 'ANNULE'::character varying])::text[])))
);


--
-- Name: affectations_travail_id_seq; Type: SEQUENCE; Schema: public; Owner: -
--

ALTER TABLE public.affectations_travail ALTER COLUMN id ADD GENERATED BY DEFAULT AS IDENTITY (
    SEQUENCE NAME public.affectations_travail_id_seq
    START WITH 1
    INCREMENT BY 1
    NO MINVALUE
    NO MAXVALUE
    CACHE 1
);


--
-- Name: app_notifications; Type: TABLE; Schema: public; Owner: -
--

CREATE TABLE public.app_notifications (
    id bigint NOT NULL,
    create_by character varying(255),
    create_date timestamp(6) without time zone,
    update_by character varying(255),
    update_date timestamp(6) without time zone,
    uuid character varying(255) NOT NULL,
    expires_at timestamp(6) without time zone,
    is_read boolean NOT NULL,
    message text NOT NULL,
    target_id character varying(255),
    title character varying(255) NOT NULL,
    type character varying(255),
    user_id bigint NOT NULL
);


--
-- Name: app_notifications_id_seq; Type: SEQUENCE; Schema: public; Owner: -
--

ALTER TABLE public.app_notifications ALTER COLUMN id ADD GENERATED BY DEFAULT AS IDENTITY (
    SEQUENCE NAME public.app_notifications_id_seq
    START WITH 1
    INCREMENT BY 1
    NO MINVALUE
    NO MAXVALUE
    CACHE 1
);


--
-- Name: asset_visuel; Type: TABLE; Schema: public; Owner: -
--

CREATE TABLE public.asset_visuel (
    id bigint NOT NULL,
    create_by character varying(255),
    create_date timestamp(6) without time zone,
    update_by character varying(255),
    update_date timestamp(6) without time zone,
    uuid character varying(255) NOT NULL,
    url_cloudinary character varying(255),
    vue character varying(255),
    z_index integer,
    option_id bigint,
    vehicule_id bigint
);


--
-- Name: asset_visuel_id_seq; Type: SEQUENCE; Schema: public; Owner: -
--

ALTER TABLE public.asset_visuel ALTER COLUMN id ADD GENERATED BY DEFAULT AS IDENTITY (
    SEQUENCE NAME public.asset_visuel_id_seq
    START WITH 1
    INCREMENT BY 1
    NO MINVALUE
    NO MAXVALUE
    CACHE 1
);


--
-- Name: avis; Type: TABLE; Schema: public; Owner: -
--

CREATE TABLE public.avis (
    id bigint NOT NULL,
    create_by character varying(255),
    create_date timestamp(6) without time zone,
    update_by character varying(255),
    update_date timestamp(6) without time zone,
    uuid character varying(255) NOT NULL,
    commentaire text,
    note integer,
    statut character varying(255),
    user_id bigint,
    vehicule_id bigint
);


--
-- Name: avis_id_seq; Type: SEQUENCE; Schema: public; Owner: -
--

ALTER TABLE public.avis ALTER COLUMN id ADD GENERATED BY DEFAULT AS IDENTITY (
    SEQUENCE NAME public.avis_id_seq
    START WITH 1
    INCREMENT BY 1
    NO MINVALUE
    NO MAXVALUE
    CACHE 1
);


--
-- Name: categorie_piece; Type: TABLE; Schema: public; Owner: -
--

CREATE TABLE public.categorie_piece (
    id bigint NOT NULL,
    create_by character varying(255),
    create_date timestamp(6) without time zone,
    update_by character varying(255),
    update_date timestamp(6) without time zone,
    uuid character varying(255) NOT NULL,
    libelle character varying(255)
);


--
-- Name: categorie_piece_id_seq; Type: SEQUENCE; Schema: public; Owner: -
--

ALTER TABLE public.categorie_piece ALTER COLUMN id ADD GENERATED BY DEFAULT AS IDENTITY (
    SEQUENCE NAME public.categorie_piece_id_seq
    START WITH 1
    INCREMENT BY 1
    NO MINVALUE
    NO MAXVALUE
    CACHE 1
);


--
-- Name: cms_contents; Type: TABLE; Schema: public; Owner: -
--

CREATE TABLE public.cms_contents (
    content_key character varying(255) NOT NULL,
    json_content text
);


--
-- Name: commande; Type: TABLE; Schema: public; Owner: -
--

CREATE TABLE public.commande (
    id bigint NOT NULL,
    create_by character varying(255),
    create_date timestamp(6) without time zone,
    update_by character varying(255),
    update_date timestamp(6) without time zone,
    uuid character varying(255) NOT NULL,
    date_commande timestamp(6) without time zone,
    prix_totalttc double precision,
    statut character varying(255),
    user_id bigint,
    CONSTRAINT commande_statut_check CHECK (((statut)::text = ANY ((ARRAY['PANIER'::character varying, 'PAYE'::character varying, 'EN_PREPARATION'::character varying, 'LIVRE'::character varying, 'ANNULE'::character varying])::text[])))
);


--
-- Name: commande_id_seq; Type: SEQUENCE; Schema: public; Owner: -
--

ALTER TABLE public.commande ALTER COLUMN id ADD GENERATED BY DEFAULT AS IDENTITY (
    SEQUENCE NAME public.commande_id_seq
    START WITH 1
    INCREMENT BY 1
    NO MINVALUE
    NO MAXVALUE
    CACHE 1
);


--
-- Name: commentaire_ticket; Type: TABLE; Schema: public; Owner: -
--

CREATE TABLE public.commentaire_ticket (
    id bigint NOT NULL,
    create_by character varying(255),
    create_date timestamp(6) without time zone,
    update_by character varying(255),
    update_date timestamp(6) without time zone,
    uuid character varying(255) NOT NULL,
    auteur character varying(255) NOT NULL,
    date_commentaire timestamp(6) without time zone,
    message text NOT NULL,
    ticket_id bigint NOT NULL
);


--
-- Name: commentaire_ticket_id_seq; Type: SEQUENCE; Schema: public; Owner: -
--

ALTER TABLE public.commentaire_ticket ALTER COLUMN id ADD GENERATED BY DEFAULT AS IDENTITY (
    SEQUENCE NAME public.commentaire_ticket_id_seq
    START WITH 1
    INCREMENT BY 1
    NO MINVALUE
    NO MAXVALUE
    CACHE 1
);


--
-- Name: compatibilite_piece; Type: TABLE; Schema: public; Owner: -
--

CREATE TABLE public.compatibilite_piece (
    id bigint NOT NULL,
    create_by character varying(255),
    create_date timestamp(6) without time zone,
    update_by character varying(255),
    update_date timestamp(6) without time zone,
    uuid character varying(255) NOT NULL,
    piece_id bigint,
    vehicule_id bigint
);


--
-- Name: compatibilite_piece_id_seq; Type: SEQUENCE; Schema: public; Owner: -
--

ALTER TABLE public.compatibilite_piece ALTER COLUMN id ADD GENERATED BY DEFAULT AS IDENTITY (
    SEQUENCE NAME public.compatibilite_piece_id_seq
    START WITH 1
    INCREMENT BY 1
    NO MINVALUE
    NO MAXVALUE
    CACHE 1
);


--
-- Name: configuration_options; Type: TABLE; Schema: public; Owner: -
--

CREATE TABLE public.configuration_options (
    configuration_id bigint NOT NULL,
    option_id bigint NOT NULL
);


--
-- Name: configuration_vehicule; Type: TABLE; Schema: public; Owner: -
--

CREATE TABLE public.configuration_vehicule (
    id bigint NOT NULL,
    create_by character varying(255),
    create_date timestamp(6) without time zone,
    update_by character varying(255),
    update_date timestamp(6) without time zone,
    uuid character varying(255) NOT NULL,
    nom_config character varying(255),
    prix_total double precision,
    finition_id bigint,
    motorisation_id bigint,
    user_id bigint,
    vehicule_id bigint
);


--
-- Name: configuration_vehicule_id_seq; Type: SEQUENCE; Schema: public; Owner: -
--

ALTER TABLE public.configuration_vehicule ALTER COLUMN id ADD GENERATED BY DEFAULT AS IDENTITY (
    SEQUENCE NAME public.configuration_vehicule_id_seq
    START WITH 1
    INCREMENT BY 1
    NO MINVALUE
    NO MAXVALUE
    CACHE 1
);


--
-- Name: contact_messages; Type: TABLE; Schema: public; Owner: -
--

CREATE TABLE public.contact_messages (
    id bigint NOT NULL,
    create_by character varying(255),
    create_date timestamp(6) without time zone,
    update_by character varying(255),
    update_date timestamp(6) without time zone,
    uuid character varying(255) NOT NULL,
    date_reponse timestamp(6) without time zone,
    email character varying(255) NOT NULL,
    lu boolean NOT NULL,
    message text NOT NULL,
    nom character varying(255) NOT NULL,
    repondu boolean NOT NULL,
    reponse text,
    telephone character varying(255)
);


--
-- Name: contact_messages_id_seq; Type: SEQUENCE; Schema: public; Owner: -
--

ALTER TABLE public.contact_messages ALTER COLUMN id ADD GENERATED BY DEFAULT AS IDENTITY (
    SEQUENCE NAME public.contact_messages_id_seq
    START WITH 1
    INCREMENT BY 1
    NO MINVALUE
    NO MAXVALUE
    CACHE 1
);


--
-- Name: coupons_reduction; Type: TABLE; Schema: public; Owner: -
--

CREATE TABLE public.coupons_reduction (
    id bigint NOT NULL,
    create_by character varying(255),
    create_date timestamp(6) without time zone,
    update_by character varying(255),
    update_date timestamp(6) without time zone,
    uuid character varying(255) NOT NULL,
    actif boolean NOT NULL,
    code character varying(50) NOT NULL,
    date_expiration timestamp(6) without time zone,
    description character varying(200),
    nb_max_utilisations integer NOT NULL,
    nb_utilisations integer NOT NULL,
    proforma_id bigint,
    type_remise character varying(20) NOT NULL,
    valeur numeric(12,2) NOT NULL,
    createur_id bigint,
    CONSTRAINT coupons_reduction_type_remise_check CHECK (((type_remise)::text = ANY ((ARRAY['POURCENTAGE'::character varying, 'MONTANT_FIXE'::character varying])::text[])))
);


--
-- Name: coupons_reduction_id_seq; Type: SEQUENCE; Schema: public; Owner: -
--

ALTER TABLE public.coupons_reduction ALTER COLUMN id ADD GENERATED BY DEFAULT AS IDENTITY (
    SEQUENCE NAME public.coupons_reduction_id_seq
    START WITH 1
    INCREMENT BY 1
    NO MINVALUE
    NO MAXVALUE
    CACHE 1
);


--
-- Name: creneau_horaire; Type: TABLE; Schema: public; Owner: -
--

CREATE TABLE public.creneau_horaire (
    id bigint NOT NULL,
    create_by character varying(255),
    create_date timestamp(6) without time zone,
    update_by character varying(255),
    update_date timestamp(6) without time zone,
    uuid character varying(255) NOT NULL,
    date date,
    est_libre boolean,
    heure_debut time(0) without time zone,
    heure_fin time(0) without time zone,
    technicien_id bigint
);


--
-- Name: creneau_horaire_id_seq; Type: SEQUENCE; Schema: public; Owner: -
--

ALTER TABLE public.creneau_horaire ALTER COLUMN id ADD GENERATED BY DEFAULT AS IDENTITY (
    SEQUENCE NAME public.creneau_horaire_id_seq
    START WITH 1
    INCREMENT BY 1
    NO MINVALUE
    NO MAXVALUE
    CACHE 1
);


--
-- Name: demandes_intervention; Type: TABLE; Schema: public; Owner: -
--

CREATE TABLE public.demandes_intervention (
    id bigint NOT NULL,
    create_by character varying(255),
    create_date timestamp(6) without time zone,
    update_by character varying(255),
    update_date timestamp(6) without time zone,
    uuid character varying(255) NOT NULL,
    adresse_visite text,
    contact_visite character varying(20),
    date_heure_reception timestamp(6) without time zone,
    date_heure_sortie timestamp(6) without time zone,
    demande_visite boolean NOT NULL,
    description_probleme text NOT NULL,
    frais_deplacement numeric(12,2),
    photos_urls text,
    reference character varying(30),
    statut character varying(35) NOT NULL,
    urgence character varying(15),
    vehicule_annee integer,
    vehicule_immatriculation character varying(20),
    vehicule_kilometrage integer,
    vehicule_marque character varying(50),
    vehicule_modele character varying(50),
    vehicule_numero_chassis character varying(30),
    client_id bigint NOT NULL,
    receptionniste_id bigint,
    date_heure_arrivee_garage timestamp(6) without time zone,
    date_heure_recuperation timestamp(6) without time zone,
    creneau_visite_id bigint,
    technicien_id bigint,
    adresse_livraison text,
    demande_livraison boolean NOT NULL,
    adresse_recuperation text,
    contact_recuperation character varying(20),
    frais_livraison numeric(12,2),
    frais_recuperation numeric(12,2),
    kilometrage_achat integer,
    observations_arrivee text,
    photo_carte_grise_url character varying(300),
    photo_plaque_url character varying(300),
    photos_urls_client text,
    vehicule_boite_vitesse character varying(30),
    vehicule_carburant character varying(30),
    vehicule_couleur character varying(50),
    chauffeur_livraison_id bigint,
    chauffeur_recuperation_id bigint,
    chef_technicien_id bigint,
    demande_recuperation boolean DEFAULT false NOT NULL,
    diagnostic_gratuit boolean DEFAULT false NOT NULL,
    vehicule_diwa boolean DEFAULT false NOT NULL,
    date_recuperation date,
    note_disponibilite_client text,
    creneau_souhaite_id bigint
);


--
-- Name: demandes_intervention_id_seq; Type: SEQUENCE; Schema: public; Owner: -
--

ALTER TABLE public.demandes_intervention ALTER COLUMN id ADD GENERATED BY DEFAULT AS IDENTITY (
    SEQUENCE NAME public.demandes_intervention_id_seq
    START WITH 1
    INCREMENT BY 1
    NO MINVALUE
    NO MAXVALUE
    CACHE 1
);


--
-- Name: exception_plage; Type: TABLE; Schema: public; Owner: -
--

CREATE TABLE public.exception_plage (
    id bigint NOT NULL,
    create_by character varying(255),
    create_date timestamp(6) without time zone,
    update_by character varying(255),
    update_date timestamp(6) without time zone,
    uuid character varying(255) NOT NULL,
    date date NOT NULL,
    motif character varying(255),
    createur_id bigint,
    plage_id bigint
);


--
-- Name: exception_plage_id_seq; Type: SEQUENCE; Schema: public; Owner: -
--

ALTER TABLE public.exception_plage ALTER COLUMN id ADD GENERATED BY DEFAULT AS IDENTITY (
    SEQUENCE NAME public.exception_plage_id_seq
    START WITH 1
    INCREMENT BY 1
    NO MINVALUE
    NO MAXVALUE
    CACHE 1
);


--
-- Name: favoris; Type: TABLE; Schema: public; Owner: -
--

CREATE TABLE public.favoris (
    id bigint NOT NULL,
    create_by character varying(255),
    create_date timestamp(6) without time zone,
    update_by character varying(255),
    update_date timestamp(6) without time zone,
    uuid character varying(255) NOT NULL,
    user_id bigint NOT NULL,
    vehicule_id bigint NOT NULL
);


--
-- Name: favoris_id_seq; Type: SEQUENCE; Schema: public; Owner: -
--

ALTER TABLE public.favoris ALTER COLUMN id ADD GENERATED BY DEFAULT AS IDENTITY (
    SEQUENCE NAME public.favoris_id_seq
    START WITH 1
    INCREMENT BY 1
    NO MINVALUE
    NO MAXVALUE
    CACHE 1
);


--
-- Name: finition; Type: TABLE; Schema: public; Owner: -
--

CREATE TABLE public.finition (
    id bigint NOT NULL,
    create_by character varying(255),
    create_date timestamp(6) without time zone,
    update_by character varying(255),
    update_date timestamp(6) without time zone,
    uuid character varying(255) NOT NULL,
    nom character varying(255),
    prix_supplement double precision,
    vehicule_id bigint,
    image character varying(255)
);


--
-- Name: finition_id_seq; Type: SEQUENCE; Schema: public; Owner: -
--

ALTER TABLE public.finition ALTER COLUMN id ADD GENERATED BY DEFAULT AS IDENTITY (
    SEQUENCE NAME public.finition_id_seq
    START WITH 1
    INCREMENT BY 1
    NO MINVALUE
    NO MAXVALUE
    CACHE 1
);


--
-- Name: gamme_prix; Type: TABLE; Schema: public; Owner: -
--

CREATE TABLE public.gamme_prix (
    id bigint NOT NULL,
    create_by character varying(255),
    create_date timestamp(6) without time zone,
    update_by character varying(255),
    update_date timestamp(6) without time zone,
    uuid character varying(255) NOT NULL,
    categorie character varying(50) NOT NULL,
    description text,
    designation character varying(250) NOT NULL,
    prix_max numeric(12,2) NOT NULL,
    prix_min numeric(12,2) NOT NULL
);


--
-- Name: gamme_prix_id_seq; Type: SEQUENCE; Schema: public; Owner: -
--

ALTER TABLE public.gamme_prix ALTER COLUMN id ADD GENERATED BY DEFAULT AS IDENTITY (
    SEQUENCE NAME public.gamme_prix_id_seq
    START WITH 1
    INCREMENT BY 1
    NO MINVALUE
    NO MAXVALUE
    CACHE 1
);


--
-- Name: historique_statuts_demande; Type: TABLE; Schema: public; Owner: -
--

CREATE TABLE public.historique_statuts_demande (
    id bigint NOT NULL,
    create_by character varying(255),
    create_date timestamp(6) without time zone,
    update_by character varying(255),
    update_date timestamp(6) without time zone,
    uuid character varying(255) NOT NULL,
    ancien_statut character varying(35),
    commentaire text,
    nouveau_statut character varying(35) NOT NULL,
    auteur_id bigint,
    demande_id bigint NOT NULL
);


--
-- Name: historique_statuts_demande_id_seq; Type: SEQUENCE; Schema: public; Owner: -
--

ALTER TABLE public.historique_statuts_demande ALTER COLUMN id ADD GENERATED BY DEFAULT AS IDENTITY (
    SEQUENCE NAME public.historique_statuts_demande_id_seq
    START WITH 1
    INCREMENT BY 1
    NO MINVALUE
    NO MAXVALUE
    CACHE 1
);


--
-- Name: ligne_de_commande; Type: TABLE; Schema: public; Owner: -
--

CREATE TABLE public.ligne_de_commande (
    id bigint NOT NULL,
    create_by character varying(255),
    create_date timestamp(6) without time zone,
    update_by character varying(255),
    update_date timestamp(6) without time zone,
    uuid character varying(255) NOT NULL,
    quantite integer,
    reference_id bigint,
    type character varying(255),
    commande_id bigint,
    CONSTRAINT ligne_de_commande_type_check CHECK (((type)::text = ANY ((ARRAY['CONFIG'::character varying, 'PIECE'::character varying])::text[])))
);


--
-- Name: ligne_de_commande_id_seq; Type: SEQUENCE; Schema: public; Owner: -
--

ALTER TABLE public.ligne_de_commande ALTER COLUMN id ADD GENERATED BY DEFAULT AS IDENTITY (
    SEQUENCE NAME public.ligne_de_commande_id_seq
    START WITH 1
    INCREMENT BY 1
    NO MINVALUE
    NO MAXVALUE
    CACHE 1
);


--
-- Name: lignes_pf_main_oeuvre; Type: TABLE; Schema: public; Owner: -
--

CREATE TABLE public.lignes_pf_main_oeuvre (
    id bigint NOT NULL,
    create_by character varying(255),
    create_date timestamp(6) without time zone,
    update_by character varying(255),
    update_date timestamp(6) without time zone,
    uuid character varying(255) NOT NULL,
    cochee_par_client boolean NOT NULL,
    commentaire_technicien text,
    heures numeric(5,2) NOT NULL,
    "position" integer NOT NULL,
    taux_horaire numeric(12,2),
    total numeric(12,2),
    type_intervention character varying(250) NOT NULL,
    proforma_id bigint NOT NULL,
    duree_minutes integer,
    ligne_travail_id bigint
);


--
-- Name: lignes_pf_main_oeuvre_id_seq; Type: SEQUENCE; Schema: public; Owner: -
--

ALTER TABLE public.lignes_pf_main_oeuvre ALTER COLUMN id ADD GENERATED BY DEFAULT AS IDENTITY (
    SEQUENCE NAME public.lignes_pf_main_oeuvre_id_seq
    START WITH 1
    INCREMENT BY 1
    NO MINVALUE
    NO MAXVALUE
    CACHE 1
);


--
-- Name: lignes_pf_travaux; Type: TABLE; Schema: public; Owner: -
--

CREATE TABLE public.lignes_pf_travaux (
    id bigint NOT NULL,
    create_by character varying(255),
    create_date timestamp(6) without time zone,
    update_by character varying(255),
    update_date timestamp(6) without time zone,
    uuid character varying(255) NOT NULL,
    cochee_par_client boolean NOT NULL,
    designation character varying(250) NOT NULL,
    marque_piece character varying(100),
    modele_piece character varying(100),
    "position" integer NOT NULL,
    prix_max_conseille numeric(12,2),
    prix_min_conseille numeric(12,2),
    prix_total numeric(12,2),
    prix_unitaire numeric(12,2),
    quantite numeric(10,2) NOT NULL,
    reference_piece_libre character varying(100),
    statut character varying(15) NOT NULL,
    piece_id bigint,
    proforma_id bigint NOT NULL,
    CONSTRAINT lignes_pf_travaux_statut_check CHECK (((statut)::text = ANY ((ARRAY['NON_DEBUTE'::character varying, 'EN_COURS'::character varying, 'TERMINE'::character varying])::text[])))
);


--
-- Name: lignes_pf_travaux_id_seq; Type: SEQUENCE; Schema: public; Owner: -
--

ALTER TABLE public.lignes_pf_travaux ALTER COLUMN id ADD GENERATED BY DEFAULT AS IDENTITY (
    SEQUENCE NAME public.lignes_pf_travaux_id_seq
    START WITH 1
    INCREMENT BY 1
    NO MINVALUE
    NO MAXVALUE
    CACHE 1
);


--
-- Name: lignes_proforma_main_oeuvre; Type: TABLE; Schema: public; Owner: -
--

CREATE TABLE public.lignes_proforma_main_oeuvre (
    id bigint NOT NULL,
    create_by character varying(255),
    create_date timestamp(6) without time zone,
    update_by character varying(255),
    update_date timestamp(6) without time zone,
    uuid character varying(255) NOT NULL,
    cochee_par_client boolean NOT NULL,
    commentaire_technicien text,
    heures numeric(5,2) NOT NULL,
    "position" integer NOT NULL,
    taux_horaire numeric(12,2),
    total numeric(12,2),
    type_intervention character varying(200) NOT NULL,
    proforma_id bigint NOT NULL
);


--
-- Name: lignes_proforma_main_oeuvre_id_seq; Type: SEQUENCE; Schema: public; Owner: -
--

ALTER TABLE public.lignes_proforma_main_oeuvre ALTER COLUMN id ADD GENERATED BY DEFAULT AS IDENTITY (
    SEQUENCE NAME public.lignes_proforma_main_oeuvre_id_seq
    START WITH 1
    INCREMENT BY 1
    NO MINVALUE
    NO MAXVALUE
    CACHE 1
);


--
-- Name: lignes_proforma_travaux; Type: TABLE; Schema: public; Owner: -
--

CREATE TABLE public.lignes_proforma_travaux (
    id bigint NOT NULL,
    create_by character varying(255),
    create_date timestamp(6) without time zone,
    update_by character varying(255),
    update_date timestamp(6) without time zone,
    uuid character varying(255) NOT NULL,
    cochee_par_client boolean NOT NULL,
    designation character varying(200) NOT NULL,
    marque_piece character varying(100),
    modele_piece character varying(100),
    "position" integer NOT NULL,
    prix_max_conseille numeric(12,2),
    prix_min_conseille numeric(12,2),
    prix_total numeric(12,2),
    prix_unitaire numeric(12,2),
    quantite numeric(10,2) NOT NULL,
    reference_piece_libre character varying(100),
    statut character varying(20) NOT NULL,
    piece_id bigint,
    proforma_id bigint NOT NULL,
    CONSTRAINT lignes_proforma_travaux_statut_check CHECK (((statut)::text = ANY ((ARRAY['NON_DEBUTE'::character varying, 'EN_COURS'::character varying, 'TERMINE'::character varying])::text[])))
);


--
-- Name: lignes_proforma_travaux_id_seq; Type: SEQUENCE; Schema: public; Owner: -
--

ALTER TABLE public.lignes_proforma_travaux ALTER COLUMN id ADD GENERATED BY DEFAULT AS IDENTITY (
    SEQUENCE NAME public.lignes_proforma_travaux_id_seq
    START WITH 1
    INCREMENT BY 1
    NO MINVALUE
    NO MAXVALUE
    CACHE 1
);


--
-- Name: messages_chat; Type: TABLE; Schema: public; Owner: -
--

CREATE TABLE public.messages_chat (
    id bigint NOT NULL,
    create_by character varying(255),
    create_date timestamp(6) without time zone,
    update_by character varying(255),
    update_date timestamp(6) without time zone,
    uuid character varying(255) NOT NULL,
    contenu text NOT NULL,
    lu boolean NOT NULL,
    piece_jointe_url character varying(300),
    role_auteur character varying(30) NOT NULL,
    auteur_id bigint NOT NULL,
    demande_id bigint NOT NULL,
    CONSTRAINT messages_chat_role_auteur_check CHECK (((role_auteur)::text = ANY ((ARRAY['CLIENT'::character varying, 'RECEPTIONNISTE'::character varying, 'CHEF_TECHNICIEN'::character varying, 'ADMIN'::character varying])::text[])))
);


--
-- Name: messages_chat_atelier; Type: TABLE; Schema: public; Owner: -
--

CREATE TABLE public.messages_chat_atelier (
    id bigint NOT NULL,
    create_by character varying(255),
    create_date timestamp(6) without time zone,
    update_by character varying(255),
    update_date timestamp(6) without time zone,
    uuid character varying(255) NOT NULL,
    contenu text NOT NULL,
    lu boolean NOT NULL,
    piece_jointe_url character varying(300),
    role_auteur character varying(25) NOT NULL,
    auteur_id bigint NOT NULL,
    demande_id bigint NOT NULL,
    CONSTRAINT messages_chat_atelier_role_auteur_check CHECK (((role_auteur)::text = ANY ((ARRAY['CLIENT'::character varying, 'RECEPTIONNISTE'::character varying, 'CHEF_TECHNICIEN'::character varying, 'ADMIN'::character varying])::text[])))
);


--
-- Name: messages_chat_atelier_id_seq; Type: SEQUENCE; Schema: public; Owner: -
--

ALTER TABLE public.messages_chat_atelier ALTER COLUMN id ADD GENERATED BY DEFAULT AS IDENTITY (
    SEQUENCE NAME public.messages_chat_atelier_id_seq
    START WITH 1
    INCREMENT BY 1
    NO MINVALUE
    NO MAXVALUE
    CACHE 1
);


--
-- Name: messages_chat_id_seq; Type: SEQUENCE; Schema: public; Owner: -
--

ALTER TABLE public.messages_chat ALTER COLUMN id ADD GENERATED BY DEFAULT AS IDENTITY (
    SEQUENCE NAME public.messages_chat_id_seq
    START WITH 1
    INCREMENT BY 1
    NO MINVALUE
    NO MAXVALUE
    CACHE 1
);


--
-- Name: missions_chauffeur; Type: TABLE; Schema: public; Owner: -
--

CREATE TABLE public.missions_chauffeur (
    id bigint NOT NULL,
    create_by character varying(255),
    create_date timestamp(6) without time zone,
    update_by character varying(255),
    update_date timestamp(6) without time zone,
    uuid character varying(255) NOT NULL,
    checking_complet boolean NOT NULL,
    checking_observations text,
    checking_photo_arriere character varying(300),
    checking_photo_avant character varying(300),
    checking_photo_droit character varying(300),
    checking_photo_gauche character varying(300),
    checking_video_url character varying(300),
    client_approuve boolean NOT NULL,
    distance_km double precision,
    heure_approbation_client timestamp(6) without time zone,
    heure_arrivee_client timestamp(6) without time zone,
    heure_arrivee_diwa timestamp(6) without time zone,
    heure_depart timestamp(6) without time zone,
    motif_refus_client text,
    reception_complete boolean NOT NULL,
    reception_observations text,
    reception_photo_arriere character varying(300),
    reception_photo_avant character varying(300),
    reception_photo_droit character varying(300),
    reception_photo_gauche character varying(300),
    statut character varying(30) NOT NULL,
    type character varying(20) NOT NULL,
    chauffeur_id bigint NOT NULL,
    demande_id bigint NOT NULL,
    creneau_id bigint,
    heure_quitter_client timestamp(6) without time zone,
    CONSTRAINT missions_chauffeur_statut_check CHECK (((statut)::text = ANY ((ARRAY['ASSIGNEE'::character varying, 'EN_ROUTE_VERS_CLIENT'::character varying, 'ARRIVE_CHEZ_CLIENT'::character varying, 'CHECKING_SOUMIS'::character varying, 'APPROUVE_PAR_CLIENT'::character varying, 'REFUSE_PAR_CLIENT'::character varying, 'EN_ROUTE_VERS_DIWA'::character varying, 'ARRIVE_A_DIWA'::character varying, 'TERMINEE'::character varying])::text[]))),
    CONSTRAINT missions_chauffeur_type_check CHECK (((type)::text = ANY ((ARRAY['RECUPERATION'::character varying, 'LIVRAISON'::character varying])::text[])))
);


--
-- Name: missions_chauffeur_id_seq; Type: SEQUENCE; Schema: public; Owner: -
--

ALTER TABLE public.missions_chauffeur ALTER COLUMN id ADD GENERATED BY DEFAULT AS IDENTITY (
    SEQUENCE NAME public.missions_chauffeur_id_seq
    START WITH 1
    INCREMENT BY 1
    NO MINVALUE
    NO MAXVALUE
    CACHE 1
);


--
-- Name: motorisation; Type: TABLE; Schema: public; Owner: -
--

CREATE TABLE public.motorisation (
    id bigint NOT NULL,
    create_by character varying(255),
    create_date timestamp(6) without time zone,
    update_by character varying(255),
    update_date timestamp(6) without time zone,
    uuid character varying(255) NOT NULL,
    prix double precision,
    puissance integer,
    type character varying(255),
    vehicule_id bigint,
    couple integer,
    moteur character varying(255),
    CONSTRAINT motorisation_type_check CHECK (((type)::text = ANY ((ARRAY['ESSENCE'::character varying, 'DIESEL'::character varying, 'ELECTRIQUE'::character varying, 'HYBRIDE'::character varying])::text[])))
);


--
-- Name: motorisation_id_seq; Type: SEQUENCE; Schema: public; Owner: -
--

ALTER TABLE public.motorisation ALTER COLUMN id ADD GENERATED BY DEFAULT AS IDENTITY (
    SEQUENCE NAME public.motorisation_id_seq
    START WITH 1
    INCREMENT BY 1
    NO MINVALUE
    NO MAXVALUE
    CACHE 1
);


--
-- Name: option_vehicule; Type: TABLE; Schema: public; Owner: -
--

CREATE TABLE public.option_vehicule (
    id bigint NOT NULL,
    create_by character varying(255),
    create_date timestamp(6) without time zone,
    update_by character varying(255),
    update_date timestamp(6) without time zone,
    uuid character varying(255) NOT NULL,
    nom character varying(255),
    prix_supplement double precision,
    type character varying(255),
    vehicule_id bigint,
    CONSTRAINT option_vehicule_type_check CHECK (((type)::text = ANY ((ARRAY['COULEUR'::character varying, 'JANTE'::character varying, 'PACK'::character varying, 'INTERIEUR'::character varying])::text[])))
);


--
-- Name: option_vehicule_id_seq; Type: SEQUENCE; Schema: public; Owner: -
--

ALTER TABLE public.option_vehicule ALTER COLUMN id ADD GENERATED BY DEFAULT AS IDENTITY (
    SEQUENCE NAME public.option_vehicule_id_seq
    START WITH 1
    INCREMENT BY 1
    NO MINVALUE
    NO MAXVALUE
    CACHE 1
);


--
-- Name: otp_codes; Type: TABLE; Schema: public; Owner: -
--

CREATE TABLE public.otp_codes (
    id bigint NOT NULL,
    create_by character varying(255),
    create_date timestamp(6) without time zone,
    update_by character varying(255),
    update_date timestamp(6) without time zone,
    uuid character varying(255) NOT NULL,
    code character varying(10) NOT NULL,
    expires_at timestamp(6) without time zone NOT NULL,
    type character varying(20) NOT NULL,
    used boolean NOT NULL,
    user_id bigint NOT NULL,
    CONSTRAINT otp_codes_type_check CHECK (((type)::text = ANY ((ARRAY['LOGIN_2FA'::character varying, 'PASSWORD_RESET'::character varying])::text[])))
);


--
-- Name: otp_codes_id_seq; Type: SEQUENCE; Schema: public; Owner: -
--

ALTER TABLE public.otp_codes ALTER COLUMN id ADD GENERATED BY DEFAULT AS IDENTITY (
    SEQUENCE NAME public.otp_codes_id_seq
    START WITH 1
    INCREMENT BY 1
    NO MINVALUE
    NO MAXVALUE
    CACHE 1
);


--
-- Name: parametres_atelier; Type: TABLE; Schema: public; Owner: -
--

CREATE TABLE public.parametres_atelier (
    id bigint NOT NULL,
    create_by character varying(255),
    create_date timestamp(6) without time zone,
    update_by character varying(255),
    update_date timestamp(6) without time zone,
    uuid character varying(255) NOT NULL,
    frais_diagnostic_standard numeric(10,2) NOT NULL,
    seuil_km_diagnostic_gratuit integer NOT NULL,
    tarif_km_livraison numeric(10,2) NOT NULL,
    tarif_km_recuperation numeric(10,2) NOT NULL,
    taux_horaire_defaut numeric(10,2) NOT NULL
);


--
-- Name: parametres_atelier_id_seq; Type: SEQUENCE; Schema: public; Owner: -
--

ALTER TABLE public.parametres_atelier ALTER COLUMN id ADD GENERATED BY DEFAULT AS IDENTITY (
    SEQUENCE NAME public.parametres_atelier_id_seq
    START WITH 1
    INCREMENT BY 1
    NO MINVALUE
    NO MAXVALUE
    CACHE 1
);


--
-- Name: partage_token; Type: TABLE; Schema: public; Owner: -
--

CREATE TABLE public.partage_token (
    id bigint NOT NULL,
    create_by character varying(255),
    create_date timestamp(6) without time zone,
    update_by character varying(255),
    update_date timestamp(6) without time zone,
    uuid character varying(255) NOT NULL,
    date_expiration timestamp(6) without time zone,
    token character varying(255),
    config_id bigint
);


--
-- Name: partage_token_id_seq; Type: SEQUENCE; Schema: public; Owner: -
--

ALTER TABLE public.partage_token ALTER COLUMN id ADD GENERATED BY DEFAULT AS IDENTITY (
    SEQUENCE NAME public.partage_token_id_seq
    START WITH 1
    INCREMENT BY 1
    NO MINVALUE
    NO MAXVALUE
    CACHE 1
);


--
-- Name: piece_detachee; Type: TABLE; Schema: public; Owner: -
--

CREATE TABLE public.piece_detachee (
    id bigint NOT NULL,
    create_by character varying(255),
    create_date timestamp(6) without time zone,
    update_by character varying(255),
    update_date timestamp(6) without time zone,
    uuid character varying(255) NOT NULL,
    image_url character varying(255),
    nom character varying(255),
    prix_unitaire double precision,
    quantite_stock integer,
    reference character varying(255),
    categorie_id bigint
);


--
-- Name: piece_detachee_id_seq; Type: SEQUENCE; Schema: public; Owner: -
--

ALTER TABLE public.piece_detachee ALTER COLUMN id ADD GENERATED BY DEFAULT AS IDENTITY (
    SEQUENCE NAME public.piece_detachee_id_seq
    START WITH 1
    INCREMENT BY 1
    NO MINVALUE
    NO MAXVALUE
    CACHE 1
);


--
-- Name: plage_horaire; Type: TABLE; Schema: public; Owner: -
--

CREATE TABLE public.plage_horaire (
    id bigint NOT NULL,
    create_by character varying(255),
    create_date timestamp(6) without time zone,
    update_by character varying(255),
    update_date timestamp(6) without time zone,
    uuid character varying(255) NOT NULL,
    est_disponible boolean NOT NULL,
    heure_debut time(0) without time zone NOT NULL,
    heure_fin time(0) without time zone NOT NULL,
    jour_semaine character varying(255) NOT NULL,
    technicien_id bigint NOT NULL,
    CONSTRAINT plage_horaire_jour_semaine_check CHECK (((jour_semaine)::text = ANY ((ARRAY['MONDAY'::character varying, 'TUESDAY'::character varying, 'WEDNESDAY'::character varying, 'THURSDAY'::character varying, 'FRIDAY'::character varying, 'SATURDAY'::character varying, 'SUNDAY'::character varying])::text[])))
);


--
-- Name: plage_horaire_diwa; Type: TABLE; Schema: public; Owner: -
--

CREATE TABLE public.plage_horaire_diwa (
    id bigint NOT NULL,
    create_by character varying(255),
    create_date timestamp(6) without time zone,
    update_by character varying(255),
    update_date timestamp(6) without time zone,
    uuid character varying(255) NOT NULL,
    active boolean NOT NULL,
    heure_debut time(6) without time zone NOT NULL,
    heure_fin time(6) without time zone NOT NULL,
    ordre integer
);


--
-- Name: plage_horaire_diwa_id_seq; Type: SEQUENCE; Schema: public; Owner: -
--

ALTER TABLE public.plage_horaire_diwa ALTER COLUMN id ADD GENERATED BY DEFAULT AS IDENTITY (
    SEQUENCE NAME public.plage_horaire_diwa_id_seq
    START WITH 1
    INCREMENT BY 1
    NO MINVALUE
    NO MAXVALUE
    CACHE 1
);


--
-- Name: plage_horaire_id_seq; Type: SEQUENCE; Schema: public; Owner: -
--

ALTER TABLE public.plage_horaire ALTER COLUMN id ADD GENERATED BY DEFAULT AS IDENTITY (
    SEQUENCE NAME public.plage_horaire_id_seq
    START WITH 1
    INCREMENT BY 1
    NO MINVALUE
    NO MAXVALUE
    CACHE 1
);


--
-- Name: pro_formas; Type: TABLE; Schema: public; Owner: -
--

CREATE TABLE public.pro_formas (
    id bigint NOT NULL,
    create_by character varying(255),
    create_date timestamp(6) without time zone,
    update_by character varying(255),
    update_date timestamp(6) without time zone,
    uuid character varying(255) NOT NULL,
    diagnostic_gratuit boolean NOT NULL,
    frais_deplacement numeric(12,2),
    frais_diagnostic numeric(12,2),
    motif_gratuite text,
    note_interne text,
    pdf_url_client character varying(300),
    pdf_url_receptionniste character varying(300),
    pdf_url_technicien character varying(300),
    reference character varying(30),
    statut character varying(30) NOT NULL,
    total_diagnostic numeric(12,2),
    total_general numeric(12,2),
    total_main_oeuvre numeric(12,2),
    total_pieces numeric(12,2),
    chef_technicien_id bigint,
    demande_id bigint NOT NULL,
    receptionniste_id bigint,
    frais_livraison numeric(12,2),
    date_prev_restitution timestamp(6) without time zone,
    duree_totale_minutes integer,
    frais_recuperation numeric(12,2),
    total_frais_annexes numeric(12,2),
    coupon_code character varying(50),
    montant_remise numeric(12,2),
    facture_generee_at timestamp(6) without time zone,
    facture_url character varying(300),
    CONSTRAINT pro_formas_statut_check CHECK (((statut)::text = ANY ((ARRAY['BROUILLON'::character varying, 'SOUMIS_RECEPTIONNISTE'::character varying, 'PRIX_AJOUTES'::character varying, 'ENVOYE_CLIENT'::character varying, 'SELECTION_RECUE'::character varying, 'VALIDE_FINAL'::character varying, 'CONFIRME_CLIENT'::character varying, 'ANNULE'::character varying])::text[])))
);


--
-- Name: pro_formas_id_seq; Type: SEQUENCE; Schema: public; Owner: -
--

ALTER TABLE public.pro_formas ALTER COLUMN id ADD GENERATED BY DEFAULT AS IDENTITY (
    SEQUENCE NAME public.pro_formas_id_seq
    START WITH 1
    INCREMENT BY 1
    NO MINVALUE
    NO MAXVALUE
    CACHE 1
);


--
-- Name: regle_exclusion; Type: TABLE; Schema: public; Owner: -
--

CREATE TABLE public.regle_exclusion (
    id bigint NOT NULL,
    create_by character varying(255),
    create_date timestamp(6) without time zone,
    update_by character varying(255),
    update_date timestamp(6) without time zone,
    uuid character varying(255) NOT NULL,
    description character varying(255),
    option_a_id bigint,
    option_b_id bigint
);


--
-- Name: regle_exclusion_id_seq; Type: SEQUENCE; Schema: public; Owner: -
--

ALTER TABLE public.regle_exclusion ALTER COLUMN id ADD GENERATED BY DEFAULT AS IDENTITY (
    SEQUENCE NAME public.regle_exclusion_id_seq
    START WITH 1
    INCREMENT BY 1
    NO MINVALUE
    NO MAXVALUE
    CACHE 1
);


--
-- Name: rendez_vous; Type: TABLE; Schema: public; Owner: -
--

CREATE TABLE public.rendez_vous (
    id bigint NOT NULL,
    create_by character varying(255),
    create_date timestamp(6) without time zone,
    update_by character varying(255),
    update_date timestamp(6) without time zone,
    uuid character varying(255) NOT NULL,
    date date,
    statut character varying(255),
    creneau_id bigint,
    service_id bigint,
    technicien_id bigint,
    user_id bigint,
    vehicule_id bigint,
    description text,
    details_specifiques text,
    immatriculation character varying(255),
    kilometrage integer,
    modele_vehicule character varying(255),
    urgence character varying(255),
    vin character varying(255),
    heure_debut character varying(255),
    CONSTRAINT rendez_vous_statut_check CHECK (((statut)::text = ANY ((ARRAY['EN_ATTENTE'::character varying, 'PLANIFIE'::character varying, 'CONFIRME'::character varying, 'TERMINE'::character varying, 'ANNULE'::character varying])::text[]))),
    CONSTRAINT rendez_vous_urgence_check CHECK (((urgence)::text = ANY ((ARRAY['LOW'::character varying, 'MEDIUM'::character varying, 'HIGH'::character varying])::text[])))
);


--
-- Name: rendez_vous_id_seq; Type: SEQUENCE; Schema: public; Owner: -
--

ALTER TABLE public.rendez_vous ALTER COLUMN id ADD GENERATED BY DEFAULT AS IDENTITY (
    SEQUENCE NAME public.rendez_vous_id_seq
    START WITH 1
    INCREMENT BY 1
    NO MINVALUE
    NO MAXVALUE
    CACHE 1
);


--
-- Name: roles; Type: TABLE; Schema: public; Owner: -
--

CREATE TABLE public.roles (
    id integer NOT NULL,
    name character varying(20)
);


--
-- Name: roles_id_seq; Type: SEQUENCE; Schema: public; Owner: -
--

ALTER TABLE public.roles ALTER COLUMN id ADD GENERATED BY DEFAULT AS IDENTITY (
    SEQUENCE NAME public.roles_id_seq
    START WITH 1
    INCREMENT BY 1
    NO MINVALUE
    NO MAXVALUE
    CACHE 1
);


--
-- Name: servicesav; Type: TABLE; Schema: public; Owner: -
--

CREATE TABLE public.servicesav (
    id bigint NOT NULL,
    create_by character varying(255),
    create_date timestamp(6) without time zone,
    update_by character varying(255),
    update_date timestamp(6) without time zone,
    uuid character varying(255) NOT NULL,
    duree_estimee integer,
    libelle character varying(255),
    description text,
    prix_base double precision
);


--
-- Name: servicesav_id_seq; Type: SEQUENCE; Schema: public; Owner: -
--

ALTER TABLE public.servicesav ALTER COLUMN id ADD GENERATED BY DEFAULT AS IDENTITY (
    SEQUENCE NAME public.servicesav_id_seq
    START WITH 1
    INCREMENT BY 1
    NO MINVALUE
    NO MAXVALUE
    CACHE 1
);


--
-- Name: technicien; Type: TABLE; Schema: public; Owner: -
--

CREATE TABLE public.technicien (
    id bigint NOT NULL,
    create_by character varying(255),
    create_date timestamp(6) without time zone,
    update_by character varying(255),
    update_date timestamp(6) without time zone,
    uuid character varying(255) NOT NULL,
    actif boolean NOT NULL,
    charge_travail_max integer,
    email character varying(255),
    grade character varying(255),
    nom character varying(255),
    prenom character varying(255),
    specialite character varying(255),
    tel character varying(255)
);


--
-- Name: technicien_id_seq; Type: SEQUENCE; Schema: public; Owner: -
--

ALTER TABLE public.technicien ALTER COLUMN id ADD GENERATED BY DEFAULT AS IDENTITY (
    SEQUENCE NAME public.technicien_id_seq
    START WITH 1
    INCREMENT BY 1
    NO MINVALUE
    NO MAXVALUE
    CACHE 1
);


--
-- Name: ticket_sav; Type: TABLE; Schema: public; Owner: -
--

CREATE TABLE public.ticket_sav (
    id bigint NOT NULL,
    create_by character varying(255),
    create_date timestamp(6) without time zone,
    update_by character varying(255),
    update_date timestamp(6) without time zone,
    uuid character varying(255) NOT NULL,
    description text NOT NULL,
    statut character varying(255) NOT NULL,
    vehicule_immat character varying(255) NOT NULL,
    vehicule_marque character varying(255) NOT NULL,
    technicien_id bigint,
    user_id bigint NOT NULL,
    CONSTRAINT ticket_sav_statut_check CHECK (((statut)::text = ANY ((ARRAY['OUVERT'::character varying, 'EN_COURS'::character varying, 'EN_ATTENTE_PIECES'::character varying, 'RESOLU'::character varying, 'FERME'::character varying])::text[])))
);


--
-- Name: ticket_sav_id_seq; Type: SEQUENCE; Schema: public; Owner: -
--

ALTER TABLE public.ticket_sav ALTER COLUMN id ADD GENERATED BY DEFAULT AS IDENTITY (
    SEQUENCE NAME public.ticket_sav_id_seq
    START WITH 1
    INCREMENT BY 1
    NO MINVALUE
    NO MAXVALUE
    CACHE 1
);


--
-- Name: user_roles; Type: TABLE; Schema: public; Owner: -
--

CREATE TABLE public.user_roles (
    user_id bigint NOT NULL,
    role_id integer NOT NULL
);


--
-- Name: users; Type: TABLE; Schema: public; Owner: -
--

CREATE TABLE public.users (
    id bigint NOT NULL,
    create_by character varying(255),
    create_date timestamp(6) without time zone,
    update_by character varying(255),
    update_date timestamp(6) without time zone,
    uuid character varying(255) NOT NULL,
    email character varying(50) NOT NULL,
    password character varying(120) NOT NULL,
    username character varying(100) NOT NULL,
    email_verified boolean NOT NULL,
    must_reset_password boolean NOT NULL,
    two_factor_enabled boolean NOT NULL,
    nom character varying(255),
    prenom character varying(255),
    expo_push_token character varying(255),
    telephone character varying(20),
    heure_debut_travail time(6) without time zone,
    heure_fin_travail time(6) without time zone
);


--
-- Name: users_id_seq; Type: SEQUENCE; Schema: public; Owner: -
--

ALTER TABLE public.users ALTER COLUMN id ADD GENERATED BY DEFAULT AS IDENTITY (
    SEQUENCE NAME public.users_id_seq
    START WITH 1
    INCREMENT BY 1
    NO MINVALUE
    NO MAXVALUE
    CACHE 1
);


--
-- Name: vehicule; Type: TABLE; Schema: public; Owner: -
--

CREATE TABLE public.vehicule (
    id bigint NOT NULL,
    create_by character varying(255),
    create_date timestamp(6) without time zone,
    update_by character varying(255),
    update_date timestamp(6) without time zone,
    uuid character varying(255) NOT NULL,
    actif boolean,
    annee integer,
    description text,
    fichier_glb character varying(255),
    marque character varying(255) NOT NULL,
    modele character varying(255),
    prix_base double precision,
    stock integer,
    image_principale character varying(255),
    dossier360 character varying(255),
    fiche_technique character varying(255),
    immatriculation character varying(255),
    kilometrage_achat integer,
    CONSTRAINT vehicule_marque_check CHECK (((marque)::text = ANY ((ARRAY['MG'::character varying, 'ISUZU'::character varying, 'CHEVROLET'::character varying, 'BAIC'::character varying])::text[])))
);


--
-- Name: vehicule_couleurs; Type: TABLE; Schema: public; Owner: -
--

CREATE TABLE public.vehicule_couleurs (
    vehicule_id bigint NOT NULL,
    couleur character varying(255)
);


--
-- Name: vehicule_id_seq; Type: SEQUENCE; Schema: public; Owner: -
--

ALTER TABLE public.vehicule ALTER COLUMN id ADD GENERATED BY DEFAULT AS IDENTITY (
    SEQUENCE NAME public.vehicule_id_seq
    START WITH 1
    INCREMENT BY 1
    NO MINVALUE
    NO MAXVALUE
    CACHE 1
);


--
-- Data for Name: account_confirmation_tokens; Type: TABLE DATA; Schema: public; Owner: -
--

COPY public.account_confirmation_tokens (id, create_by, create_date, update_by, update_date, uuid, confirmed, confirmed_at, expires_at, token, user_id) FROM stdin;
6	\N	2026-04-22 15:14:22.54701	\N	2026-04-22 15:15:04.146438	b2abd6c2-0d9d-4a7b-a26b-d4a5bcc2fb2f	t	2026-04-22 15:15:04.146438	2026-04-23 15:14:22.544485	c89e9652-0f10-4676-92eb-214e44204909	8
\.


--
-- Data for Name: affectations_travail; Type: TABLE DATA; Schema: public; Owner: -
--

COPY public.affectations_travail (id, create_by, create_date, update_by, update_date, uuid, date_debut, date_fin_prevue, date_fin_reelle, notes, statut, demande_id, proforma_id, technicien_id) FROM stdin;
1	\N	2026-05-14 23:29:32.937496	\N	2026-05-14 23:58:03.641008	b3cef9b6-d96e-4599-b108-b35fe7156f2c	2026-05-13 08:00:00	2026-05-13 18:00:00	2026-05-14 23:58:03.544575	ici sera affecter kiffi environ 3 h	TERMINE	4	2	1
\.


--
-- Data for Name: app_notifications; Type: TABLE DATA; Schema: public; Owner: -
--

COPY public.app_notifications (id, create_by, create_date, update_by, update_date, uuid, expires_at, is_read, message, target_id, title, type, user_id) FROM stdin;
1	\N	2026-05-10 15:10:38.128568	\N	2026-05-10 15:11:04.366395	230f4699-d927-4a7d-a712-70964b1e47c1	2026-05-17 15:10:38.127427	t	Le chauffeur kokou charles a été assigné à votre demande DEM-2026-00003.	0386b053-3fda-4254-a4cc-85a92788aab1	Chauffeur Assigné	CHAUFFEUR_ASSIGNE	8
4	\N	2026-05-10 15:58:52.532817	\N	2026-05-10 16:06:24.668965	fae3ad6b-1617-4889-a860-fb6b2b0a7a82	2026-05-17 15:58:52.532275	t	Vous avez été assigné pour la récupération du véhicule INCONNU (DEM-2026-00002).	8087196e-4cbc-4268-9ae6-e271d2f8e9f6	Nouvelle Mission	NOUVELLE_MISSION	16
6	\N	2026-05-10 16:07:34.106381	\N	2026-05-10 16:07:43.663991	1693b04f-61b3-44db-9e6d-46da12e46453	2026-05-17 16:07:34.105844	t	Vous avez été assigné pour la récupération du véhicule TG-1450-AW (DEM-2026-00001).	0b8567b2-30d1-4260-ac7c-da0f28c13d63	Nouvelle Mission	NOUVELLE_MISSION	16
5	\N	2026-05-10 16:07:34.096308	\N	2026-05-10 16:13:47.938239	ffddda19-e90f-484b-8e58-80f9c4226c0d	2026-05-17 16:07:34.095289	t	Le chauffeur Moov Moov a été assigné à votre demande DEM-2026-00001.	0b8567b2-30d1-4260-ac7c-da0f28c13d63	Chauffeur Assigné	CHAUFFEUR_ASSIGNE	8
8	\N	2026-05-10 16:29:17.790944	\N	2026-05-10 16:29:17.790944	c6467150-1661-4bf3-9faa-c1f8b2b1f8fc	2026-05-17 16:29:17.790944	f	Vous avez été assigné pour la récupération du véhicule INCONNU (DEM-2026-00002).	8087196e-4cbc-4268-9ae6-e271d2f8e9f6	Nouvelle Mission	NOUVELLE_MISSION	16
9	\N	2026-05-10 16:39:16.457708	\N	2026-05-10 16:39:16.457708	48b085f9-80ab-43f9-8606-f6f7afe75b57	2026-05-17 16:39:16.453629	f	Vous avez été assigné pour la récupération du véhicule TG-1450-AW (DEM-2026-00001).	0b8567b2-30d1-4260-ac7c-da0f28c13d63	Nouvelle Mission	NOUVELLE_MISSION	17
2	\N	2026-05-10 15:10:38.13665	\N	2026-05-10 16:42:18.707435	15ffc5d8-802c-4c29-910b-8a5493104465	2026-05-17 15:10:38.13665	t	Vous avez été assigné pour la récupération du véhicule  (DEM-2026-00003).	0386b053-3fda-4254-a4cc-85a92788aab1	Nouvelle Mission	NOUVELLE_MISSION	15
11	\N	2026-05-10 18:06:24.589489	\N	2026-05-10 18:06:24.589489	d78b7c4d-1a20-497f-8e19-b262556c6a1c	2026-05-17 18:06:24.58736	f	Vous avez été assigné pour la récupération du véhicule TG-1450-AW (DEM-2026-00001).	0b8567b2-30d1-4260-ac7c-da0f28c13d63	Nouvelle Mission	NOUVELLE_MISSION	17
13	\N	2026-05-10 22:02:50.506649	\N	2026-05-10 22:02:56.830133	55506540-b4dd-4c60-a5a0-5ce6ed18541d	2026-05-17 22:02:50.504855	t	Vous avez été assigné pour la récupération du véhicule  (DEM-2026-00003).	0386b053-3fda-4254-a4cc-85a92788aab1	Nouvelle Mission	NOUVELLE_MISSION	15
14	\N	2026-05-10 22:02:50.522671	\N	2026-05-11 00:50:32.296368	b8bb03ea-0ecd-4ccb-91fb-4b830f1fb733	2026-05-17 22:02:50.522671	t	Le chauffeur kokou charles est désormais en charge de la récupération de votre véhicule (DEM-2026-00003).	0386b053-3fda-4254-a4cc-85a92788aab1	Chauffeur Assigné	CHAUFFEUR_ASSIGNE	8
12	\N	2026-05-10 18:06:24.595127	\N	2026-05-12 13:48:46.240774	89747749-8765-4eda-9b1c-71b666aae40d	2026-05-17 18:06:24.59413	t	Le chauffeur paul paulo est désormais en charge de la récupération de votre véhicule (DEM-2026-00001).	0b8567b2-30d1-4260-ac7c-da0f28c13d63	Chauffeur Assigné	CHAUFFEUR_ASSIGNE	8
15	\N	2026-05-15 18:02:50.955337	\N	2026-05-15 18:02:50.955337	2f421c6b-fcce-4b3b-bbee-70d2ed44b974	2026-05-22 18:02:50.952289	f	Récupération véhicule INCONNU	dcda2805-c18e-4e0d-8052-6dd11e85bb83	Nouvelle Mission	NOUVELLE_MISSION	15
3	\N	2026-05-10 15:58:52.517644	\N	2026-05-10 15:58:52.517644	6d608455-101d-4171-a623-4e46e8e95fcb	2026-05-17 15:58:52.51459	t	Le chauffeur Moov Moov a été assigné à votre demande DEM-2026-00002.	8087196e-4cbc-4268-9ae6-e271d2f8e9f6	Chauffeur Assigné	CHAUFFEUR_ASSIGNE	8
7	\N	2026-05-10 16:29:17.772563	\N	2026-05-10 16:29:17.772563	8f933263-e51f-4d6f-b14a-6c1b1c75c8e0	2026-05-17 16:29:17.768999	t	Le chauffeur Moov Moov a été assigné à votre demande DEM-2026-00002.	8087196e-4cbc-4268-9ae6-e271d2f8e9f6	Chauffeur Assigné	CHAUFFEUR_ASSIGNE	8
10	\N	2026-05-10 16:39:16.473789	\N	2026-05-10 16:39:16.473789	d775a37e-844b-4063-a8cb-e1d723652111	2026-05-17 16:39:16.472762	t	Le chauffeur paul paulo est désormais en charge de la récupération de votre véhicule (DEM-2026-00001).	0b8567b2-30d1-4260-ac7c-da0f28c13d63	Chauffeur Assigné	CHAUFFEUR_ASSIGNE	8
16	\N	2026-05-15 18:02:50.982316	\N	2026-05-15 18:02:50.982316	9768e69a-8b0e-41df-a17f-5d8f8aed88ad	2026-05-22 18:02:50.981652	t	Le chauffeur kokou charles arrive.	dcda2805-c18e-4e0d-8052-6dd11e85bb83	Chauffeur Assigné	CHAUFFEUR_ASSIGNE	8
\.


--
-- Data for Name: asset_visuel; Type: TABLE DATA; Schema: public; Owner: -
--

COPY public.asset_visuel (id, create_by, create_date, update_by, update_date, uuid, url_cloudinary, vue, z_index, option_id, vehicule_id) FROM stdin;
65	\N	2026-05-05 10:13:46.598485	\N	2026-05-05 10:13:46.598485	e820c5eb-406e-4657-b13d-1cefa7f779f7	vehicules/images/54658d45-6f9f-41bd-ba8b-996555b03b9f.webp	INTERIEUR	\N	\N	12
66	\N	2026-05-05 10:13:46.70844	\N	2026-05-05 10:13:46.70844	8c2c7159-3044-43a6-b771-ba9e8e2f576a	vehicules/images/35d360c7-f475-4ac8-aa0e-8677e991ccfc.webp	INTERIEUR	\N	\N	12
67	\N	2026-05-05 10:13:46.711991	\N	2026-05-05 10:13:46.711991	38853bb5-553b-45b5-913e-117fd850d030	vehicules/images/10122cca-a503-4cdb-84da-c6800ad9785c.webp	INTERIEUR	\N	\N	12
68	\N	2026-05-05 10:13:46.713522	\N	2026-05-05 10:13:46.713522	f1273e85-29c2-443b-8eff-b3fdc8fdd4e6	vehicules/images/394fe0fb-cf2b-4995-a565-5f6c2a807af1.png	INTERIEUR	\N	\N	12
69	\N	2026-05-05 10:13:46.71704	\N	2026-05-05 10:13:46.71704	02f45c33-28d8-424b-ab48-9538f707dfc0	vehicules/images/2c12bb2f-56e0-47bf-948b-f2b36b0851c0.png	INTERIEUR	\N	\N	12
70	\N	2026-05-05 10:13:46.720563	\N	2026-05-05 10:13:46.720563	b23f6df1-2f3e-4002-8cad-a2474d2d69cf	vehicules/images/650d0779-b61c-4651-8ac2-532e58fdfbf6.png	INTERIEUR	\N	\N	12
71	\N	2026-05-05 10:13:46.722511	\N	2026-05-05 10:13:46.722511	5ab31023-68e3-4b09-814e-f7a4e8fda251	vehicules/images/fb785973-210c-432f-a1ab-afeb68ac847d.png	INTERIEUR	\N	\N	12
72	\N	2026-05-05 10:13:46.727142	\N	2026-05-05 10:13:46.727142	03775f81-dd40-4f80-a0fe-8632f4ff4a6d	vehicules/images/e44ddcca-53b9-48cd-adc2-ba75125c0a04.png	INTERIEUR	\N	\N	12
73	\N	2026-05-05 10:13:46.728647	\N	2026-05-05 10:13:46.728647	5790c008-8db5-4677-9d6e-684a73d5b72c	vehicules/images/159c8e78-6b22-418d-ae57-14ef7b4c8c11.webp	INTERIEUR	\N	\N	12
12	\N	2026-04-28 09:36:02.921048	\N	2026-04-28 09:36:02.921048	67c22c75-cb0b-4ce5-ab53-6cfeadedb360	vehicules/images/dfb7ba65-44b0-474b-b745-da654eb34c4b.png	EXTERIEUR	\N	\N	9
\.


--
-- Data for Name: avis; Type: TABLE DATA; Schema: public; Owner: -
--

COPY public.avis (id, create_by, create_date, update_by, update_date, uuid, commentaire, note, statut, user_id, vehicule_id) FROM stdin;
\.


--
-- Data for Name: categorie_piece; Type: TABLE DATA; Schema: public; Owner: -
--

COPY public.categorie_piece (id, create_by, create_date, update_by, update_date, uuid, libelle) FROM stdin;
2	\N	2026-04-21 13:54:11.816626	\N	2026-04-21 13:54:11.816626	1f1183a3-f377-448e-9849-28def77b7e85	Moteurs
3	\N	2026-04-21 13:54:11.82286	\N	2026-04-21 13:54:11.82286	d603456f-af4c-4a0e-bbfe-8db4d246512c	Accessoires
4	\N	2026-04-21 13:54:11.829661	\N	2026-04-21 13:54:11.829661	b52a2ce8-141d-426d-a40b-d62276bdb455	Électricité
1	\N	2026-04-21 13:54:11.739603	\N	2026-04-21 13:56:11.538096	d5f7f7af-7de3-4927-ba2b-b0ed4eae86c3	Lubrifiants moteurs
7	\N	2026-04-23 14:15:29.079771	\N	2026-04-23 14:15:29.079771	fcefb583-b51e-4141-a00e-41fa50417946	pallette de freins 
8	\N	2026-04-23 14:37:44.315775	\N	2026-04-23 14:37:44.315775	e8adeef2-d102-4f0b-b427-19bc31986475	gentes
9	\N	2026-04-23 17:24:31.567284	\N	2026-04-23 17:24:31.567284	61ec7ef1-c2ff-4709-8575-585625f96071	Lubrifiants
\.


--
-- Data for Name: cms_contents; Type: TABLE DATA; Schema: public; Owner: -
--

COPY public.cms_contents (content_key, json_content) FROM stdin;
about	{"title":"L'Excellence Automobile, de l'Intérieur à l'Extérieur","text":"Chez DIWA Internationale, nous sommes passionnés par l'idée de sublimer chaque véhicule...","parallaxImage":"/paralaxForAboutUs.webp","image1":"vehicules/images/607ff899-ca2e-494f-8bc2-fd4e3618c95a.png","image2":"vehicules/images/f7d11680-b804-4515-8004-e225419f3d75.png","stats":[{"label":"Heures de Travail","value":"1850+"},{"label":"Clients Satisfaits","value":"2138+"},{"label":"Experts Qualifiés","value":"150+"},{"label":"Années d'Expérience","value":"20+"}]}
\.


--
-- Data for Name: commande; Type: TABLE DATA; Schema: public; Owner: -
--

COPY public.commande (id, create_by, create_date, update_by, update_date, uuid, date_commande, prix_totalttc, statut, user_id) FROM stdin;
\.


--
-- Data for Name: commentaire_ticket; Type: TABLE DATA; Schema: public; Owner: -
--

COPY public.commentaire_ticket (id, create_by, create_date, update_by, update_date, uuid, auteur, date_commentaire, message, ticket_id) FROM stdin;
\.


--
-- Data for Name: compatibilite_piece; Type: TABLE DATA; Schema: public; Owner: -
--

COPY public.compatibilite_piece (id, create_by, create_date, update_by, update_date, uuid, piece_id, vehicule_id) FROM stdin;
\.


--
-- Data for Name: configuration_options; Type: TABLE DATA; Schema: public; Owner: -
--

COPY public.configuration_options (configuration_id, option_id) FROM stdin;
\.


--
-- Data for Name: configuration_vehicule; Type: TABLE DATA; Schema: public; Owner: -
--

COPY public.configuration_vehicule (id, create_by, create_date, update_by, update_date, uuid, nom_config, prix_total, finition_id, motorisation_id, user_id, vehicule_id) FROM stdin;
1	\N	2026-05-04 21:52:49.863239	\N	2026-05-04 21:52:49.863239	d79126a6-2621-4330-8b54-5365d2262357	Ma config ISUZU MU-X	0	3	4	8	12
2	\N	2026-05-04 22:53:16.383318	\N	2026-05-04 22:53:16.383318	989c9cdc-48de-4371-b931-2b9055729dd4	Ma config ISUZU MU-X	0	1	3	8	12
3	\N	2026-05-04 22:53:48.405705	\N	2026-05-04 22:53:48.405705	c6fd8c0f-81dc-4044-9112-52795c5e292e	Ma config ISUZU MU-X	0	1	3	8	12
4	\N	2026-05-04 23:34:41.645515	\N	2026-05-04 23:34:41.645515	d3694864-b06c-4c85-af92-ebb2179e3205	Ma config ISUZU MU-X	0	1	3	8	12
5	\N	2026-05-04 23:36:31.596727	\N	2026-05-04 23:36:31.596727	30a5a4fe-5ed0-4974-89ed-23608b11b424	Ma config ISUZU MU-X	0	2	4	8	12
6	\N	2026-05-04 23:50:19.524619	\N	2026-05-04 23:50:19.524619	b2ac4dce-81c1-4ba8-a09f-f3d7718c47cf	Ma config ISUZU MU-X	0	3	3	8	12
7	\N	2026-05-04 23:53:03.844825	\N	2026-05-04 23:53:03.844825	65e66c05-e855-48ec-81f2-3081d1afdec6	Ma config ISUZU MU-X	0	1	3	8	12
8	\N	2026-05-04 23:53:17.875197	\N	2026-05-04 23:53:17.875197	feeba488-a199-4d11-8a6f-bae429bd9d29	Ma config ISUZU MU-X	0	3	4	8	12
9	\N	2026-05-05 00:05:17.071894	\N	2026-05-05 00:05:17.071894	536e6a55-60d4-4611-9a35-2491857a6887	Ma config ISUZU MU-X	0	1	3	8	12
\.


--
-- Data for Name: contact_messages; Type: TABLE DATA; Schema: public; Owner: -
--

COPY public.contact_messages (id, create_by, create_date, update_by, update_date, uuid, date_reponse, email, lu, message, nom, repondu, reponse, telephone) FROM stdin;
1	\N	2026-05-06 12:01:05.389143	\N	2026-05-06 12:02:05.824208	5ef46beb-3266-428e-9227-ed125a5e6a52	2026-05-06 12:02:05.822158	pp302paroy@gmail.com	t	Erreur lors de l'envoi du message. Veuillez réessayer.	paul 	t	okay bonjour monsieur oui c'est possible 	+22892055775
2	\N	2026-05-15 19:03:38.288312	\N	2026-05-15 19:04:48.737169	abf89430-0cc4-4cb7-935e-e6659373aa49	2026-05-15 19:04:48.735617	tcheouafeipaulin@gmail.com	t	j'aimerais venir prendre rebdez vous 	Paul EL DEMON Tcheouafei	t	okay monsieur veez demai n	92055775
\.


--
-- Data for Name: coupons_reduction; Type: TABLE DATA; Schema: public; Owner: -
--

COPY public.coupons_reduction (id, create_by, create_date, update_by, update_date, uuid, actif, code, date_expiration, description, nb_max_utilisations, nb_utilisations, proforma_id, type_remise, valeur, createur_id) FROM stdin;
\.


--
-- Data for Name: creneau_horaire; Type: TABLE DATA; Schema: public; Owner: -
--

COPY public.creneau_horaire (id, create_by, create_date, update_by, update_date, uuid, date, est_libre, heure_debut, heure_fin, technicien_id) FROM stdin;
\.


--
-- Data for Name: demandes_intervention; Type: TABLE DATA; Schema: public; Owner: -
--

COPY public.demandes_intervention (id, create_by, create_date, update_by, update_date, uuid, adresse_visite, contact_visite, date_heure_reception, date_heure_sortie, demande_visite, description_probleme, frais_deplacement, photos_urls, reference, statut, urgence, vehicule_annee, vehicule_immatriculation, vehicule_kilometrage, vehicule_marque, vehicule_modele, vehicule_numero_chassis, client_id, receptionniste_id, date_heure_arrivee_garage, date_heure_recuperation, creneau_visite_id, technicien_id, adresse_livraison, demande_livraison, adresse_recuperation, contact_recuperation, frais_livraison, frais_recuperation, kilometrage_achat, observations_arrivee, photo_carte_grise_url, photo_plaque_url, photos_urls_client, vehicule_boite_vitesse, vehicule_carburant, vehicule_couleur, chauffeur_livraison_id, chauffeur_recuperation_id, chef_technicien_id, demande_recuperation, diagnostic_gratuit, vehicule_diwa, date_recuperation, note_disponibilite_client, creneau_souhaite_id) FROM stdin;
1	\N	2026-04-30 17:58:32.464133	\N	2026-05-10 18:06:24.561173	0b8567b2-30d1-4260-ac7c-da0f28c13d63	Lomé, quartier administratif, face à la plage	+22892055775	\N	\N	t	le vehicule ne s'allume plus 	15000.00		DEM-2026-00001	CHAUFFEUR_ASSIGNE	NORMALE	2025	TG-1450-AW	8000	MG	MG5	\N	8	\N	\N	\N	\N	\N	\N	f	\N	\N	\N	\N	\N	\N	\N	\N	\N	\N	\N	\N	\N	17	\N	f	f	f	\N	\N	\N
2	\N	2026-05-10 08:09:04.226704	\N	2026-05-12 16:46:43.947946	8087196e-4cbc-4268-9ae6-e271d2f8e9f6	\N	\N	\N	\N	f	Catégorie: Mécanique & Moteur\nDétails: Démarrage difficile ou impossible, Perte de puissance moteur\nNotes: 	\N	\N	DEM-2026-00002	EN_ENREGISTREMENT	NORMALE	2026	BH548 T G	5000	MG	5	SADASDAASDA	8	\N	\N	\N	\N	\N	\N	f			\N	\N	\N		\N		\N	AUTOMATIQUE	ESSENCE		\N	\N	14	t	f	f	2026-05-15	Demande faite via le portail web	24
3	\N	2026-05-10 15:09:56.110536	\N	2026-05-15 18:13:58.216697	0386b053-3fda-4254-a4cc-85a92788aab1	\N	\N	2026-05-15 18:13:25.720744	\N	f	Catégorie: Autre\nDescription: 	\N	\N	DEM-2026-00003	EN_DIAGNOSTIC	TRES_URGENTE	2026	FCGNFBNVNB	0	toyoa	h	VBNVBNV	8	9	\N	\N	\N	1		f	agor	90038340	\N	\N	\N		\N		\N	AUTOMATIQUE	ESSENCE		\N	15	14	t	f	f	2026-05-12	Demande faite via l'application mobile	23
5	\N	2026-05-15 18:01:41.801503	\N	2026-05-15 18:24:55.952728	dcda2805-c18e-4e0d-8052-6dd11e85bb83	\N	\N	\N	\N	f	Catégorie: Électronique & Bord\nDétails: Voyant allumé sur le tableau de bord, Problème d'écran tactile ou GPS\nNotes: 	\N	\N	DEM-2026-00005	PROFORMA_VALIDE	TRES_URGENTE	\N	INCONNU	0	MG	5		8	\N	\N	\N	\N	1		f			\N	\N	\N	\N	\N	\N	\N	\N	\N	\N	\N	15	\N	t	f	f	2026-05-20	Demande faite via le portail web	22
4	\N	2026-05-14 20:09:44.696519	\N	2026-06-15 18:05:52.232281	32536645-5737-4929-8df9-593452e4a831	\N	\N	2026-05-14 20:13:03.203828	\N	f	Autre: batterie faible 	\N	\N	DEM-2026-00004	SELECTION_RECUE	NORMALE	2026	TG 2025 DF	3000	toyota 	rav4	DFGDFGDFGDFGD	8	9	\N	\N	\N	1	lome agoe 2 	t	\N	\N	\N	\N	\N		\N		\N	AUTOMATIQUE	ESSENCE		16	\N	14	f	f	f	\N	\N	\N
\.


--
-- Data for Name: exception_plage; Type: TABLE DATA; Schema: public; Owner: -
--

COPY public.exception_plage (id, create_by, create_date, update_by, update_date, uuid, date, motif, createur_id, plage_id) FROM stdin;
\.


--
-- Data for Name: favoris; Type: TABLE DATA; Schema: public; Owner: -
--

COPY public.favoris (id, create_by, create_date, update_by, update_date, uuid, user_id, vehicule_id) FROM stdin;
5	\N	2026-04-23 14:53:10.958196	\N	2026-04-23 14:53:10.958196	296324ee-2ee7-4629-808c-51f65f78fb9f	8	10
6	\N	2026-04-24 18:29:56.544577	\N	2026-04-24 18:29:56.544577	b59b4da9-5139-4e0b-8eb2-c1d21a4997bf	8	3
\.


--
-- Data for Name: finition; Type: TABLE DATA; Schema: public; Owner: -
--

COPY public.finition (id, create_by, create_date, update_by, update_date, uuid, nom, prix_supplement, vehicule_id, image) FROM stdin;
1	\N	2026-05-04 17:08:10.740686	\N	2026-05-04 17:08:10.740686	6c9b5d05-d50b-4cd4-baae-16c5dd79d45c	LS-U	0	12	vehicules/images/f516d799-8f08-43ec-a1a4-2f2e729d7678.png
2	\N	2026-05-04 17:08:51.300798	\N	2026-05-04 17:08:51.300798	0bebc1aa-6368-4023-b873-46d94858771b	LS-T	0	12	vehicules/images/5775a587-eb53-43e2-9671-f6989e9d1a37.png
3	\N	2026-05-04 17:09:14.1113	\N	2026-05-04 17:09:14.1113	caa5bb9c-a31e-43fd-b401-95c7cc71c0c5	X-TERRAIN	0	12	vehicules/images/41a82fa0-5b2d-4069-8ae1-f3b52f7f11ad.png
\.


--
-- Data for Name: gamme_prix; Type: TABLE DATA; Schema: public; Owner: -
--

COPY public.gamme_prix (id, create_by, create_date, update_by, update_date, uuid, categorie, description, designation, prix_max, prix_min) FROM stdin;
1	\N	2026-04-30 10:20:46.559015	\N	2026-04-30 10:20:46.559015	8e2da675-f86d-4412-a563-eae89f3d4e16	Freinage	Remplacement plaquettes avant/arrière	Plaquettes de frein	45000.00	15000.00
2	\N	2026-04-30 10:20:46.568774	\N	2026-04-30 10:20:46.568774	c8d006d5-e2d3-4a5f-aca5-24ee3de155b2	Freinage	Paire de disques de frein	Disques de frein	120000.00	40000.00
3	\N	2026-04-30 10:20:46.571303	\N	2026-04-30 10:20:46.571303	a7affdd5-2718-4cd2-b114-c38cdc2ee5c3	Suspension	Paire d'amortisseurs	Amortisseurs	250000.00	60000.00
4	\N	2026-04-30 10:20:46.574862	\N	2026-04-30 10:20:46.574862	58ac188f-20b4-4633-b3f1-a24f5369770d	Electricité	Batterie sans entretien	Batterie 12V	95000.00	45000.00
5	\N	2026-04-30 10:20:46.578391	\N	2026-04-30 10:20:46.578391	a604ed6e-d254-4820-82ce-ca73a1a0b5ae	Moteur	Courroie + galets	Kit Distribution	350000.00	80000.00
6	\N	2026-04-30 10:20:46.582464	\N	2026-04-30 10:20:46.582464	2ad6aab7-da3b-41dd-afd9-9da139bfd5d4	Entretien	Huile + Filtres	Vidange Complète	75000.00	25000.00
\.


--
-- Data for Name: historique_statuts_demande; Type: TABLE DATA; Schema: public; Owner: -
--

COPY public.historique_statuts_demande (id, create_by, create_date, update_by, update_date, uuid, ancien_statut, commentaire, nouveau_statut, auteur_id, demande_id) FROM stdin;
1	\N	2026-04-30 17:58:32.540397	\N	2026-04-30 17:58:32.540397	38202e1e-dde6-4807-84f8-9bcc4de1507c	\N	Demande soumise par le client	SOUMISE	8	1
4	\N	2026-05-07 17:58:30.107262	\N	2026-05-07 17:58:30.107262	b8d1bf5d-2050-4a4e-848c-c43009874006	SOUMISE	Chauffeur assigné pour récupération : kokou charles	CHAUFFEUR_ASSIGNE	9	1
5	\N	2026-05-10 08:09:04.38695	\N	2026-05-10 08:09:04.38695	b703c89a-8afd-4bd7-a4f8-2be25fcce232	\N	Demande soumise par le client	SOUMISE	8	2
6	\N	2026-05-10 08:47:36.506439	\N	2026-05-10 08:47:36.506439	5d83366c-8688-4776-9ae8-e136128c2201	CHAUFFEUR_ASSIGNE	Mission annulée manuellement — Chauffeur libéré	SOUMISE	9	1
7	\N	2026-05-10 09:09:16.923861	\N	2026-05-10 09:09:16.923861	d247d060-d41a-4f62-8f4d-fcce4cf6be7d	SOUMISE	Chauffeur assigné pour récupération : kokou charles	CHAUFFEUR_ASSIGNE	9	2
8	\N	2026-05-10 15:09:56.179372	\N	2026-05-10 15:09:56.179372	6a412122-bbfa-4031-bd65-5b46a7f567dc	\N	Demande soumise par le client	SOUMISE	8	3
9	\N	2026-05-10 15:10:38.123816	\N	2026-05-10 15:10:38.123816	91b33164-6130-4911-96f6-424f7e46a3c5	SOUMISE	Chauffeur assigné pour récupération : kokou charles	CHAUFFEUR_ASSIGNE	9	3
10	\N	2026-05-10 15:57:12.524945	\N	2026-05-10 15:57:12.524945	338cf862-9d45-4b35-b630-cb1be92943e3	CHAUFFEUR_ASSIGNE	Mission annulée manuellement — Chauffeur libéré	SOUMISE	9	2
11	\N	2026-05-10 15:58:52.512212	\N	2026-05-10 15:58:52.512212	7b4505d1-4c4a-4916-9dbf-59bd8a39585b	SOUMISE	Chauffeur assigné pour récupération : Moov Moov	CHAUFFEUR_ASSIGNE	9	2
12	\N	2026-05-10 16:07:34.081988	\N	2026-05-10 16:07:34.081988	9860be92-28e2-4315-ae4e-812038ec8966	SOUMISE	Chauffeur assigné pour récupération : Moov Moov	CHAUFFEUR_ASSIGNE	9	1
13	\N	2026-05-10 16:28:59.311033	\N	2026-05-10 16:28:59.311033	be21dce2-100e-401c-96a1-365096c27042	CHAUFFEUR_ASSIGNE	Mission annulée manuellement — Chauffeur libéré	SOUMISE	9	2
14	\N	2026-05-10 16:29:05.319772	\N	2026-05-10 16:29:05.319772	7016ad8f-0786-4210-8b37-361fdc5e48f1	CHAUFFEUR_ASSIGNE	Mission annulée manuellement — Chauffeur libéré	SOUMISE	9	1
15	\N	2026-05-10 16:29:17.76395	\N	2026-05-10 16:29:17.76395	f571d815-e056-4e92-b853-870efaf73032	SOUMISE	Chauffeur assigné pour récupération : Moov Moov	CHAUFFEUR_ASSIGNE	9	2
16	\N	2026-05-10 16:39:16.300547	\N	2026-05-10 16:39:16.300547	d0c23dbe-8c13-41d7-987e-5a913458f9a8	SOUMISE	Chauffeur assigné pour récupération : paul paulo	CHAUFFEUR_ASSIGNE	9	1
17	\N	2026-05-10 18:06:02.485744	\N	2026-05-10 18:06:02.485744	8384b443-9560-4263-828a-b2b54de9cc68	CHAUFFEUR_ASSIGNE	Mission annulée manuellement — Chauffeur libéré	SOUMISE	9	1
18	\N	2026-05-10 18:06:24.546897	\N	2026-05-10 18:06:24.546897	ef081698-1ee2-488f-8039-9712a1a07556	SOUMISE	Chauffeur assigné pour récupération : paul paulo	CHAUFFEUR_ASSIGNE	9	1
19	\N	2026-05-10 18:09:00.754961	\N	2026-05-10 18:09:00.754961	bcb8ec2c-8cf5-4e65-b021-8d4e82ae1ace	CHAUFFEUR_ASSIGNE	Mission annulée manuellement — Chauffeur libéré	SOUMISE	9	3
20	\N	2026-05-10 18:09:05.020275	\N	2026-05-10 18:09:05.020275	eb2e15f4-dbdd-48c7-a7ef-2198f21b8651	CHAUFFEUR_ASSIGNE	Mission annulée manuellement — Chauffeur libéré	SOUMISE	9	2
21	\N	2026-05-10 22:02:50.238584	\N	2026-05-10 22:02:50.238584	3f85645a-d854-4ba1-bb71-c863d0b28172	SOUMISE	Chauffeur assigné pour récupération : kokou charles	CHAUFFEUR_ASSIGNE	9	3
22	\N	2026-05-10 22:03:03.370918	\N	2026-05-10 22:03:03.370918	2fecd968-5a5d-4dd8-898a-b1b09ea45c2f	CHAUFFEUR_ASSIGNE	Chauffeur en route vers le client	CHAUFFEUR_EN_ROUTE	15	3
23	\N	2026-05-10 22:05:10.463221	\N	2026-05-10 22:05:10.463221	7e05557c-6031-4cd1-8183-67ba4d65de39	CHAUFFEUR_EN_ROUTE	Chauffeur arrivé chez le client	CHAUFFEUR_ARRIVE_CHEZ_CLIENT	15	3
24	\N	2026-05-11 00:50:05.742076	\N	2026-05-11 00:50:05.742076	6d09fe64-a6c5-4832-8393-260af0b6a421	CHAUFFEUR_ARRIVE_CHEZ_CLIENT	Enlèvement validé par le client	VEHICULE_EN_TRANSIT	15	3
25	\N	2026-05-11 01:12:35.914651	\N	2026-05-11 01:12:35.914651	0b5a02c9-f575-47ee-a76a-ec2376937439	VEHICULE_EN_TRANSIT	Véhicule réceptionné au garage par le chauffeur	EN_RECEPTION	15	3
26	\N	2026-05-11 14:47:33.880067	\N	2026-05-11 14:47:33.880067	46f69e78-6ec5-4492-8db1-7c75d2bc75d6	SOUMISE	Fiche technique complétée — Attente validation réception	EN_ENREGISTREMENT	14	2
27	\N	2026-05-11 14:48:05.811102	\N	2026-05-11 14:48:05.811102	46aae61c-cede-4920-a74b-bf469833d9f2	EN_ENREGISTREMENT	Fiche technique complétée — Attente validation réception	EN_ENREGISTREMENT	14	2
28	\N	2026-05-11 15:13:24.87893	\N	2026-05-11 15:13:24.87893	4358f01c-8892-4e37-b5f4-1b9b93ee05df	EN_ENREGISTREMENT	Fiche technique complétée — Attente validation réception	EN_ENREGISTREMENT	14	2
29	\N	2026-05-11 15:13:52.20215	\N	2026-05-11 15:13:52.20215	af934716-8d4f-4f77-aaaa-7f51efcc3891	EN_ENREGISTREMENT	Fiche technique complétée — Attente validation réception	EN_ENREGISTREMENT	14	2
30	\N	2026-05-11 15:46:48.60506	\N	2026-05-11 15:46:48.60506	ec1ad2ae-14c1-4d71-b1df-308f79bc0941	EN_ENREGISTREMENT	Fiche technique complétée — Attente validation réception	EN_ENREGISTREMENT	14	2
31	\N	2026-05-11 16:00:03.308548	\N	2026-05-11 16:00:03.308548	62a7a484-83ba-4419-9cd2-02207838eaa7	EN_ENREGISTREMENT	Fiche technique complétée — Attente validation réception	EN_ENREGISTREMENT	14	2
32	\N	2026-05-12 15:36:39.567877	\N	2026-05-12 15:36:39.567877	71a77244-c91e-4c42-b6f8-23339d06cea4	EN_ENREGISTREMENT	Fiche technique complétée — Attente validation réception	EN_ENREGISTREMENT	14	2
33	\N	2026-05-12 16:37:13.658348	\N	2026-05-12 16:37:13.658348	7f50cc6c-2591-422c-8572-d3149a555d75	EN_ENREGISTREMENT	Fiche technique complétée — Attente validation réception	EN_ENREGISTREMENT	14	2
34	\N	2026-05-12 16:38:01.118212	\N	2026-05-12 16:38:01.118212	b1ae6d42-b0f4-4fe7-b6b7-8a52905fd812	EN_ENREGISTREMENT	Fiche technique complétée — Attente validation réception	EN_ENREGISTREMENT	14	2
35	\N	2026-05-12 16:44:57.02445	\N	2026-05-12 16:44:57.02445	1510b493-1ce4-4864-b951-d337acc94f07	EN_RECEPTION	Technicien assigné pour diagnostic : null null	EN_DIAGNOSTIC	14	3
36	\N	2026-05-12 16:46:43.953129	\N	2026-05-12 16:46:43.953129	78a81852-f0cc-452b-a2f8-c9965df065f0	EN_ENREGISTREMENT	Fiche technique complétée — Attente validation réception	EN_ENREGISTREMENT	14	2
37	\N	2026-05-14 14:52:52.450283	\N	2026-05-14 14:52:52.450283	2b626e62-dcf4-4a12-8cf2-2af9b2704b61	EN_DIAGNOSTIC	Génération du Pro Forma Technique (V1)	PROFORMA_V1	14	3
38	\N	2026-05-14 16:26:28.055772	\N	2026-05-14 16:26:28.055772	46cdf27f-96ad-4ab4-b83a-0ed9e448f9be	PROFORMA_V1	Mise à jour des prix par la réception	PROFORMA_V1	9	3
39	\N	2026-05-14 16:26:28.251276	\N	2026-05-14 16:26:28.251276	dd49396d-b358-4d39-b7e4-e1626213b5a1	PROFORMA_V1	Pro Forma envoyé pour validation client	EN_ATTENTE_CLIENT	9	3
40	\N	2026-05-14 16:35:53.234687	\N	2026-05-14 16:35:53.234687	ee614b34-f46d-476b-ade6-c7a90cdfc963	EN_ATTENTE_CLIENT	Pro Forma validé par le client. Début des travaux.	EN_COURS_REPARATION	8	3
41	\N	2026-05-14 16:36:56.056136	\N	2026-05-14 16:36:56.056136	3d1225b4-afc6-478a-8093-a83b7b1f1aa7	EN_COURS_REPARATION	Fiche technique complétée — Attente validation réception	EN_ENREGISTREMENT	14	3
42	\N	2026-05-14 16:37:21.868973	\N	2026-05-14 16:37:21.868973	e8fd7869-e92f-41ef-84fc-a75ee7aa668f	EN_ENREGISTREMENT	Fiche technique complétée — Attente validation réception	EN_ENREGISTREMENT	14	3
43	\N	2026-05-14 16:59:34.561783	\N	2026-05-14 16:59:34.561783	4b31c635-37d9-4f21-856d-13d30e0b1d37	EN_ENREGISTREMENT	Fiche technique complétée — Attente validation réception	EN_ENREGISTREMENT	14	2
44	\N	2026-05-14 20:09:44.752568	\N	2026-05-14 20:09:44.752568	296d6518-e089-4bd7-9599-186d3ece52c0	\N	Arrivée physique du véhicule au garage (Client: paul TCHEOUAFEI )	VEHICULE_RECU	9	4
45	\N	2026-05-14 20:10:43.339481	\N	2026-05-14 20:10:43.339481	bd2d2401-a519-4866-a076-ed30e47efdaa	VEHICULE_RECU	Fiche technique complétée — Attente validation réception	EN_ENREGISTREMENT	14	4
46	\N	2026-05-14 20:12:30.263696	\N	2026-05-14 20:12:30.263696	6a1ba053-9b53-4add-ad99-16c01ced0173	EN_ENREGISTREMENT	Fiche technique complétée — Attente validation réception	EN_ENREGISTREMENT	14	4
47	\N	2026-05-14 20:13:03.20873	\N	2026-05-14 20:13:03.20873	f3dc36e2-4971-49d1-89dc-60c73f185783	EN_ENREGISTREMENT	Réception validée - Véhicule officiellement enregistré	EN_RECEPTION	9	4
48	\N	2026-05-14 20:13:19.952431	\N	2026-05-14 20:13:19.952431	f1ff7e80-7e7b-4ca3-aeda-baa3b639260f	EN_RECEPTION	Technicien assigné pour diagnostic : null null	EN_DIAGNOSTIC	14	4
49	\N	2026-05-14 20:13:44.042802	\N	2026-05-14 20:13:44.042802	46eb26ce-940c-47cc-a7a5-5bbe8555dfc5	EN_DIAGNOSTIC	Génération du Pro Forma Technique (V1)	PROFORMA_V1	14	4
50	\N	2026-05-14 23:00:33.671409	\N	2026-05-14 23:00:33.671409	cc4f09a3-c55b-4afd-86c5-1bcc93040264	PROFORMA_V1	Génération du Pro Forma Technique (V1)	PROFORMA_V1	14	4
51	\N	2026-05-14 23:04:09.94425	\N	2026-05-14 23:04:09.94425	18223e06-b2dc-440c-8c90-2fad1e77ba19	EN_ATTENTE_CLIENT	Prix ajoutés - En attente validation client	EN_ATTENTE_CLIENT	9	4
52	\N	2026-05-14 23:04:10.045519	\N	2026-05-14 23:04:10.045519	8e8e1513-fcd9-451e-bf16-31817b41a4b6	EN_ATTENTE_CLIENT	Pro Forma envoyé pour validation client	EN_ATTENTE_CLIENT	9	4
53	\N	2026-05-14 23:05:01.576213	\N	2026-05-14 23:05:01.576213	d6f72d7f-3f96-4abc-89d3-02dfe28179bd	SELECTION_RECUE	Pro Forma validé par le client. En attente de validation finale DIWA.	SELECTION_RECUE	8	4
54	\N	2026-05-14 23:29:32.992778	\N	2026-05-14 23:29:32.992778	f6cf3ece-c899-4442-84a6-0f508d403cc7	EN_ATTENTE_CLIENT	Travaux affectés à Ata Koffi. Fin prévue : 2026-05-13T18:00	EN_COURS_REPARATION	14	4
55	\N	2026-05-14 23:58:03.57319	\N	2026-05-14 23:58:03.57319	5902b118-8c3e-4eed-a1a9-af7cae2385d1	EN_COURS_REPARATION	Travaux terminés - Véhicule prêt	PRET	14	4
56	\N	2026-05-14 23:58:09.255319	\N	2026-05-14 23:58:09.255319	87241ce7-1853-41bd-be88-58563cca1596	PRET	Travaux terminés - Véhicule prêt	PRET	14	4
57	\N	2026-05-15 18:01:42.46964	\N	2026-05-15 18:01:42.46964	cf54f8b2-0e99-4a04-9631-b276b9a87a5f	\N	Demande soumise par le client	SOUMISE	8	5
58	\N	2026-05-15 18:02:50.896859	\N	2026-05-15 18:02:50.896859	6df3970a-d768-4028-9cc1-bbd51b6495a3	SOUMISE	Chauffeur assigné pour récupération : kokou charles	CHAUFFEUR_ASSIGNE	9	5
59	\N	2026-05-15 18:03:31.244877	\N	2026-05-15 18:03:31.244877	af61d1d1-b9f0-45e5-ab43-0748ddf2a400	CHAUFFEUR_ASSIGNE	Chauffeur en route vers le client	CHAUFFEUR_EN_ROUTE	15	5
60	\N	2026-05-15 18:03:50.775745	\N	2026-05-15 18:03:50.775745	ac0dd986-3fa4-4f1b-beea-808305b0c6f7	CHAUFFEUR_EN_ROUTE	Chauffeur arrivé chez le client	CHAUFFEUR_ARRIVE_CHEZ_CLIENT	15	5
61	\N	2026-05-15 18:08:56.729495	\N	2026-05-15 18:08:56.729495	25ece943-9c9b-4778-9cda-b31aa42ce0a4	CHAUFFEUR_ARRIVE_CHEZ_CLIENT	Enlèvement validé par le client	VEHICULE_EN_TRANSIT	15	5
62	\N	2026-05-15 18:09:11.609184	\N	2026-05-15 18:09:11.609184	7a59ceba-942b-4e92-bcff-f1a08ac4aac6	VEHICULE_EN_TRANSIT	Chauffeur a quitté le client, en route vers DIWA	VEHICULE_EN_TRANSIT	15	5
63	\N	2026-05-15 18:09:15.689759	\N	2026-05-15 18:09:15.689759	e54d143d-2325-4a68-b83c-e9e66033af18	VEHICULE_EN_TRANSIT	Véhicule arrivé au centre DIWA	VEHICULE_RECU	15	5
64	\N	2026-05-15 18:11:09.601278	\N	2026-05-15 18:11:09.601278	0e3bd70d-4e7c-4dd2-bfc5-41ec6bba533d	VEHICULE_RECU	Véhicule réceptionné au garage par le chauffeur	EN_RECEPTION	15	5
65	\N	2026-05-15 18:12:19.405047	\N	2026-05-15 18:12:19.405047	da511d8a-6e94-4be4-b203-cd8b916076a9	EN_RECEPTION	Technicien assigné pour diagnostic : null null	EN_DIAGNOSTIC	9	5
66	\N	2026-05-15 18:13:25.731424	\N	2026-05-15 18:13:25.731424	9d5682cf-cab6-4dc3-bd2b-d133dd02bf8a	EN_ENREGISTREMENT	Réception validée - Véhicule officiellement enregistré	EN_RECEPTION	9	3
67	\N	2026-05-15 18:13:58.198344	\N	2026-05-15 18:13:58.198344	f94963e2-d64a-4620-8215-2e39444d3fc9	EN_RECEPTION	Technicien assigné pour diagnostic : null null	EN_DIAGNOSTIC	14	3
68	\N	2026-05-15 18:17:26.848356	\N	2026-05-15 18:17:26.848356	0a3a162d-cd00-4cc3-bacc-533b3acb81a4	EN_DIAGNOSTIC	Génération du Pro Forma Technique (V1)	PROFORMA_V1	14	5
69	\N	2026-05-15 18:18:31.828832	\N	2026-05-15 18:18:31.828832	0621cd0b-dbdc-478f-beb9-5709550b216d	EN_ATTENTE_CLIENT	Prix ajoutés - En attente validation client	EN_ATTENTE_CLIENT	9	5
70	\N	2026-05-15 18:18:31.965733	\N	2026-05-15 18:18:31.965733	562a8981-698c-4e0b-8dce-a0a831f4c5e1	EN_ATTENTE_CLIENT	Pro Forma envoyé pour validation client	EN_ATTENTE_CLIENT	9	5
71	\N	2026-05-15 18:22:27.536879	\N	2026-05-15 18:22:27.536879	27ef8ee2-c8d6-4077-a333-b77dc60b415e	SELECTION_RECUE	Pro Forma validé par le client. En attente de validation finale DIWA.	SELECTION_RECUE	8	5
\.


--
-- Data for Name: ligne_de_commande; Type: TABLE DATA; Schema: public; Owner: -
--

COPY public.ligne_de_commande (id, create_by, create_date, update_by, update_date, uuid, quantite, reference_id, type, commande_id) FROM stdin;
\.


--
-- Data for Name: lignes_pf_main_oeuvre; Type: TABLE DATA; Schema: public; Owner: -
--

COPY public.lignes_pf_main_oeuvre (id, create_by, create_date, update_by, update_date, uuid, cochee_par_client, commentaire_technicien, heures, "position", taux_horaire, total, type_intervention, proforma_id, duree_minutes, ligne_travail_id) FROM stdin;
1	\N	2026-05-14 14:52:52.429687	\N	2026-05-14 16:26:28.184996	c2e0ba70-5e3a-4cb5-99a4-5d5e1d2a7104	t	\N	1.00	1	300.00	300.00	zxczxczxcz	1	\N	\N
4	\N	2026-05-14 23:00:33.60934	\N	2026-05-14 23:04:09.960986	b2255260-20fd-45d7-b43b-c2f025c8df7d	t	\N	1.00	1	0.00	0.00	xcvxcv	2	\N	\N
6	\N	2026-05-15 18:17:26.809353	\N	2026-05-15 18:18:31.844819	ca01e4ab-2de6-40ef-8a3b-6a1f7574eb9a	t	\N	1.00	2	500.00	500.00	remplacement frein roue 	3	\N	\N
5	\N	2026-05-15 18:17:26.782606	\N	2026-05-15 18:19:00.926491	6684394d-6bfd-4c64-918c-99435172ee3c	t	\N	1.00	1	500.00	500.00	vidange 	3	\N	\N
\.


--
-- Data for Name: lignes_pf_travaux; Type: TABLE DATA; Schema: public; Owner: -
--

COPY public.lignes_pf_travaux (id, create_by, create_date, update_by, update_date, uuid, cochee_par_client, designation, marque_piece, modele_piece, "position", prix_max_conseille, prix_min_conseille, prix_total, prix_unitaire, quantite, reference_piece_libre, statut, piece_id, proforma_id) FROM stdin;
1	\N	2026-05-14 14:52:52.412625	\N	2026-05-14 16:26:28.17748	567ad605-9b4d-485e-a716-bbaf80c9c11f	t	zxczxczc	\N	\N	1	\N	\N	5000.00	2500.00	2.00	\N	NON_DEBUTE	\N	1
4	\N	2026-05-14 23:00:33.645618	\N	2026-05-14 23:04:09.960986	e41b2773-3f9f-4c4d-b5e9-7dfb6e14fe4d	t	cxvvcxv	\N	\N	1	\N	\N	2500.00	2500.00	1.00	\N	NON_DEBUTE	\N	2
6	\N	2026-05-15 18:17:26.836306	\N	2026-05-15 18:18:31.843419	e17e7c12-c37f-459f-ab88-32e31fa4e12e	t	roues 	\N	\N	2	\N	\N	200000.00	50000.00	4.00	\N	NON_DEBUTE	\N	3
7	\N	2026-05-15 18:17:26.84031	\N	2026-05-15 18:18:31.843897	073bc9a7-0d72-4f59-8afc-e6dace3190d9	t	lubrifiant 	\N	\N	3	\N	\N	10000.00	5000.00	2.00	\N	NON_DEBUTE	\N	3
5	\N	2026-05-15 18:17:26.817704	\N	2026-05-15 18:19:00.926491	a7b1b8ba-c7bf-4421-b2ba-0ae5575be49f	t	frein mg 	\N	\N	1	\N	\N	90000.00	45000.00	2.00	\N	NON_DEBUTE	\N	3
\.


--
-- Data for Name: lignes_proforma_main_oeuvre; Type: TABLE DATA; Schema: public; Owner: -
--

COPY public.lignes_proforma_main_oeuvre (id, create_by, create_date, update_by, update_date, uuid, cochee_par_client, commentaire_technicien, heures, "position", taux_horaire, total, type_intervention, proforma_id) FROM stdin;
\.


--
-- Data for Name: lignes_proforma_travaux; Type: TABLE DATA; Schema: public; Owner: -
--

COPY public.lignes_proforma_travaux (id, create_by, create_date, update_by, update_date, uuid, cochee_par_client, designation, marque_piece, modele_piece, "position", prix_max_conseille, prix_min_conseille, prix_total, prix_unitaire, quantite, reference_piece_libre, statut, piece_id, proforma_id) FROM stdin;
\.


--
-- Data for Name: messages_chat; Type: TABLE DATA; Schema: public; Owner: -
--

COPY public.messages_chat (id, create_by, create_date, update_by, update_date, uuid, contenu, lu, piece_jointe_url, role_auteur, auteur_id, demande_id) FROM stdin;
\.


--
-- Data for Name: messages_chat_atelier; Type: TABLE DATA; Schema: public; Owner: -
--

COPY public.messages_chat_atelier (id, create_by, create_date, update_by, update_date, uuid, contenu, lu, piece_jointe_url, role_auteur, auteur_id, demande_id) FROM stdin;
\.


--
-- Data for Name: missions_chauffeur; Type: TABLE DATA; Schema: public; Owner: -
--

COPY public.missions_chauffeur (id, create_by, create_date, update_by, update_date, uuid, checking_complet, checking_observations, checking_photo_arriere, checking_photo_avant, checking_photo_droit, checking_photo_gauche, checking_video_url, client_approuve, distance_km, heure_approbation_client, heure_arrivee_client, heure_arrivee_diwa, heure_depart, motif_refus_client, reception_complete, reception_observations, reception_photo_arriere, reception_photo_avant, reception_photo_droit, reception_photo_gauche, statut, type, chauffeur_id, demande_id, creneau_id, heure_quitter_client) FROM stdin;
1	\N	2026-05-10 16:39:16.425826	\N	2026-05-10 18:52:01.337267	4adfd858-1c83-4a98-b000-dc4185f77ea1	f	\N	\N	\N	\N	\N	\N	f	\N	\N	2026-05-10 18:52:01.292354	\N	2026-05-10 18:18:48.896547	\N	f	\N	\N	\N	\N	\N	ARRIVE_CHEZ_CLIENT	RECUPERATION	17	1	\N	\N
2	\N	2026-05-10 22:02:50.480547	\N	2026-05-11 01:12:35.834435	81821a2d-4d45-4d7a-a883-6c5a797ac37e	t	tout est bon \n	/uploads/missions/checking/8381ac1c-f02a-442c-8fdd-adce30fef1af.jpg	/uploads/missions/checking/94cef01d-7e04-40e1-9774-f6eac1a1a01b.jpg	/uploads/missions/checking/f66aef97-3ac8-4ff1-a9ec-d80fc60b1c25.jpg	/uploads/missions/checking/b438c971-2047-43aa-818c-afee131c38a7.jpg	\N	t	\N	2026-05-11 00:50:05.645781	2026-05-10 22:05:10.444942	2026-05-11 00:53:24.657346	2026-05-10 22:03:03.301579	\N	t		/uploads/missions/checking/79d588bc-36f7-4299-8a05-b65cdb423e4c.jpg	/uploads/missions/checking/bb36a92b-7ad2-4f23-9f49-31ee9b5307f6.jpg	/uploads/missions/checking/f83bef64-472d-4148-bbdf-e1a5cfa9dc60.jpg	/uploads/missions/checking/a4518df2-3ecf-4799-aa45-cbe25d07ce7a.jpg	TERMINEE	RECUPERATION	15	3	23	\N
3	\N	2026-05-15 18:02:50.914883	\N	2026-05-15 18:11:09.594352	6d47db40-f4f0-43b8-9596-2dead066cbd9	t		/uploads/missions/checking/2ba251fd-e30c-48b2-bbe8-af7fc4d29374.jpg	/uploads/missions/checking/32303843-3bb2-407c-bea9-60a4e722d17f.jpg	/uploads/missions/checking/caebc734-58a0-4e6b-a111-32c9b035dde5.jpg	/uploads/missions/checking/a2b546d9-4b18-40c4-b8f7-e4344a257ee6.jpg	\N	t	\N	2026-05-15 18:08:56.71576	2026-05-15 18:03:50.751664	2026-05-15 18:09:15.67015	2026-05-15 18:03:31.218715	\N	t		/uploads/missions/checking/794cd3db-b0f2-45db-9c56-0ea093d3f82c.jpg	/uploads/missions/checking/253830b8-f677-4eea-a9c8-712d8c05fd84.jpg	/uploads/missions/checking/324d7848-04bc-45e1-a18a-e7258dd70c0c.jpg	/uploads/missions/checking/5cf863fd-3c29-4dc1-a4f6-564404932412.jpg	TERMINEE	RECUPERATION	15	5	22	2026-05-15 18:09:11.596032
4	\N	2026-05-21 20:48:02.867085	\N	2026-05-21 20:48:02.867085	adf22327-4910-40d5-ac3b-6d5ad34f500b	f	\N	\N	\N	\N	\N	\N	f	\N	\N	\N	\N	\N	\N	f	\N	\N	\N	\N	\N	ASSIGNEE	LIVRAISON	16	4	\N	\N
\.


--
-- Data for Name: motorisation; Type: TABLE DATA; Schema: public; Owner: -
--

COPY public.motorisation (id, create_by, create_date, update_by, update_date, uuid, prix, puissance, type, vehicule_id, couple, moteur) FROM stdin;
3	\N	2026-05-04 17:09:55.864577	\N	2026-05-04 17:09:55.864577	cb80abdb-f860-4127-b322-9fb17c7c0c72	0	150	DIESEL	12	350	1.9L Ddi
4	\N	2026-05-04 17:10:47.337981	\N	2026-05-04 17:10:47.337981	b6956b75-6a8d-4aaa-b199-586720755dac	0	190	DIESEL	12	450	3.0L Ddi
\.


--
-- Data for Name: option_vehicule; Type: TABLE DATA; Schema: public; Owner: -
--

COPY public.option_vehicule (id, create_by, create_date, update_by, update_date, uuid, nom, prix_supplement, type, vehicule_id) FROM stdin;
1	\N	2026-04-20 15:43:01.672146	\N	2026-04-20 15:43:01.672146	7841ba5c-4ae8-468e-ba37-0672e4629f3f	luxe	5000	PACK	9
\.


--
-- Data for Name: otp_codes; Type: TABLE DATA; Schema: public; Owner: -
--

COPY public.otp_codes (id, create_by, create_date, update_by, update_date, uuid, code, expires_at, type, used, user_id) FROM stdin;
1	\N	2026-04-29 10:49:09.256648	\N	2026-04-29 10:49:09.256648	3e6bf21b-7cef-4ad7-bc88-a2b2b9e5382d	768310	2026-04-29 10:59:09.209558	PASSWORD_RESET	f	8
2	\N	2026-05-08 08:37:08.995324	\N	2026-05-08 08:37:08.995324	90d7eca5-6bca-47d2-97ff-016ffa7b9b3e	606163	2026-05-08 08:47:08.975043	LOGIN_2FA	t	8
3	\N	2026-05-08 08:51:38.516893	\N	2026-05-08 08:51:38.516893	5e71ff22-7d3b-4c51-95c8-6108d5833617	719499	2026-05-08 09:01:38.433385	LOGIN_2FA	t	8
4	\N	2026-05-08 08:54:59.31769	\N	2026-05-08 08:54:59.31769	8bac0f80-0011-43d7-a700-337f034d5213	746408	2026-05-08 09:04:59.288492	LOGIN_2FA	t	8
5	\N	2026-05-08 09:14:18.239103	\N	2026-05-08 09:14:18.239103	06de167d-4059-4dc8-99a0-3ee8af9cd759	916481	2026-05-08 09:24:18.217022	LOGIN_2FA	t	8
6	\N	2026-05-08 09:16:16.336031	\N	2026-05-08 09:16:35.053304	fdfccfc7-f786-4321-a1a1-6caeb23492c5	188385	2026-05-08 09:26:16.330972	LOGIN_2FA	t	8
7	\N	2026-05-08 10:31:39.357517	\N	2026-05-08 10:32:03.71236	a5fe3760-f736-4045-9247-f0056333ec7f	845495	2026-05-08 10:41:39.357517	LOGIN_2FA	t	8
8	\N	2026-05-08 10:55:17.522956	\N	2026-05-08 10:55:36.61987	8ac24b46-00a6-47e4-ba63-e882893c51c7	992807	2026-05-08 11:05:17.446969	LOGIN_2FA	t	8
9	\N	2026-05-09 20:26:04.110627	\N	2026-05-09 20:26:47.220471	490cd47b-d61e-492a-ac8e-f4fedcd61738	598131	2026-05-09 20:36:04.054153	LOGIN_2FA	t	8
10	\N	2026-05-09 20:39:17.567933	\N	2026-05-09 20:39:41.510139	9408acd4-e6f8-4f79-b6ff-5550d95989e2	677567	2026-05-09 20:49:17.567933	LOGIN_2FA	t	8
11	\N	2026-05-10 10:15:33.062627	\N	2026-05-10 10:16:06.880871	6f136907-6669-465a-8d80-bb66f129e0eb	370197	2026-05-10 10:25:33.03858	LOGIN_2FA	t	8
12	\N	2026-05-10 10:31:16.882368	\N	2026-05-10 10:33:18.001881	6124800d-aa6d-48d2-846f-0105f2cce66b	531384	2026-05-10 10:41:16.880369	LOGIN_2FA	t	8
13	\N	2026-05-10 11:09:18.288557	\N	2026-05-10 11:09:18.288557	a9fb88eb-5a5b-48a6-b6d2-21b2bb52b5c2	784346	2026-05-10 11:19:18.258037	LOGIN_2FA	t	15
14	\N	2026-05-10 11:24:24.068337	\N	2026-05-10 11:24:24.068337	38722448-63a1-47f1-be7f-ba22c7e85706	074215	2026-05-10 11:34:24.052176	LOGIN_2FA	f	15
\.


--
-- Data for Name: parametres_atelier; Type: TABLE DATA; Schema: public; Owner: -
--

COPY public.parametres_atelier (id, create_by, create_date, update_by, update_date, uuid, frais_diagnostic_standard, seuil_km_diagnostic_gratuit, tarif_km_livraison, tarif_km_recuperation, taux_horaire_defaut) FROM stdin;
1	\N	2026-05-06 23:39:25.228412	\N	2026-05-06 23:39:25.228412	a564f056-3482-428d-8b7c-10b90aefaef1	8000.00	6000	1500.00	1500.00	15000.00
\.


--
-- Data for Name: partage_token; Type: TABLE DATA; Schema: public; Owner: -
--

COPY public.partage_token (id, create_by, create_date, update_by, update_date, uuid, date_expiration, token, config_id) FROM stdin;
\.


--
-- Data for Name: piece_detachee; Type: TABLE DATA; Schema: public; Owner: -
--

COPY public.piece_detachee (id, create_by, create_date, update_by, update_date, uuid, image_url, nom, prix_unitaire, quantite_stock, reference, categorie_id) FROM stdin;
1	\N	2026-04-21 19:13:59.646832	\N	2026-04-23 13:48:03.250071	70fa96e5-904e-4ad9-b3b7-8dbcb70a4ae9	pieces/532e3cc9-6a65-4425-b4ce-0c9d8c3d9936.jpg	huile a moteur toyota 	9000	10	huile-tgg	1
2	\N	2026-04-23 14:15:50.071963	\N	2026-04-23 14:15:59.580709	efb96ca6-6ce3-4618-aeaf-3aa97f33927c	pieces/f5b4b49f-ccab-486e-959b-68a384ce212f.jpg	Kit disque et plaquette de frein MG MG 5	50000	97	pl-M5	2
3	\N	2026-04-23 14:38:17.839729	\N	2026-04-23 14:38:17.839729	6e5b5115-bedb-4308-b619-9863c487dd62	pieces/3093bff8-67e3-4622-a582-b84744334ce7.webp	Jantes pour automobile Isuzu	45000	50	gent-00Is	8
\.


--
-- Data for Name: plage_horaire; Type: TABLE DATA; Schema: public; Owner: -
--

COPY public.plage_horaire (id, create_by, create_date, update_by, update_date, uuid, est_disponible, heure_debut, heure_fin, jour_semaine, technicien_id) FROM stdin;
\.


--
-- Data for Name: plage_horaire_diwa; Type: TABLE DATA; Schema: public; Owner: -
--

COPY public.plage_horaire_diwa (id, create_by, create_date, update_by, update_date, uuid, active, heure_debut, heure_fin, ordre) FROM stdin;
22	\N	2026-05-09 22:18:57.390158	\N	\N	98398096-5c3b-4c2b-836a-f2b994949f4b	t	06:00:00	09:00:00	1
23	\N	2026-05-09 22:18:57.391866	\N	\N	1f060a83-3915-48c6-b64c-c9ed83d4a7a3	t	09:00:00	12:00:00	2
24	\N	2026-05-09 22:18:57.392465	\N	\N	86d0715e-c343-4e3f-bdf0-ee0a0298c6eb	t	14:00:00	16:00:00	3
25	\N	2026-05-09 22:18:57.393167	\N	\N	49f5a3b7-2fe5-422a-a72f-bb612f472ecd	t	16:00:00	18:00:00	4
\.


--
-- Data for Name: pro_formas; Type: TABLE DATA; Schema: public; Owner: -
--

COPY public.pro_formas (id, create_by, create_date, update_by, update_date, uuid, diagnostic_gratuit, frais_deplacement, frais_diagnostic, motif_gratuite, note_interne, pdf_url_client, pdf_url_receptionniste, pdf_url_technicien, reference, statut, total_diagnostic, total_general, total_main_oeuvre, total_pieces, chef_technicien_id, demande_id, receptionniste_id, frais_livraison, date_prev_restitution, duree_totale_minutes, frais_recuperation, total_frais_annexes, coupon_code, montant_remise, facture_generee_at, facture_url) FROM stdin;
1	\N	2026-05-14 14:52:52.311213	\N	2026-05-14 16:35:53.242715	c097c5f5-d41f-4956-bb17-827fe8ff3541	f	\N	25000.00	\N	\N	proformas/5e5e450b-6a48-4bb4-9c12-8f2d626a3064_PF_CLIENT_PF-2026-00001-3B24.pdf	proformas/fbf578b6-2709-473a-8225-c02803ddc786_PF_RECEP_PF-2026-00001-3B24.pdf	proformas/a4c1f508-d743-4bfc-a4af-c600948dd341_PF_TECH_PF-2026-00001-3B24.pdf	PF-2026-00001-3B24	CONFIRME_CLIENT	\N	35300.00	300.00	5000.00	14	3	9	5000.00	2026-05-14 19:26:28.022808	60	5000.00	30000.00	\N	\N	\N	\N
3	\N	2026-05-15 18:17:26.740047	\N	2026-05-15 18:24:55.952728	4f9950d1-37ee-44c2-bfa3-a24701e70734	f	\N	5000.00	\N	\N	proformas/07cb46c1-6afb-44a9-96e3-71c821d1bec7_PF_CLIENT_PF-2026-00003-F6F0.pdf	proformas/0e0a622a-120d-436c-8dea-40dc2aa0d5ec_PF_RECEP_PF-2026-00003-F6F0.pdf	proformas/d4a05a41-3372-4705-989c-f6c46e763803_PF_TECH_PF-2026-00003-F6F0.pdf	PF-2026-00003-F6F0	VALIDE_FINAL	\N	306000.00	1000.00	300000.00	14	5	9	0.00	2026-05-15 22:18:31.819987	120	0.00	5000.00	\N	\N	\N	\N
2	\N	2026-05-14 20:13:44.007893	\N	2026-06-15 18:05:52.199492	47cc17d9-4ca9-477d-b971-63b0d051342c	f	\N	25000.00	\N	\N	proformas/f21fd78e-2aff-42a7-8907-d0fbb023cf4d_PF_CLIENT_PF-2026-00002-90AC.pdf	proformas/47f8c2bc-6c57-40eb-9859-1fa5193cf0ed_PF_RECEP_PF-2026-00002-90AC.pdf	proformas/c52ca176-53ee-499e-b994-f450ca79d79f_PF_TECH_PF-2026-00002-90AC.pdf	PF-2026-00002-90AC	SELECTION_RECUE	\N	27500.00	0.00	2500.00	14	4	9	0.00	2026-05-15 02:04:09.94425	60	0.00	25000.00	\N	\N	\N	\N
\.


--
-- Data for Name: regle_exclusion; Type: TABLE DATA; Schema: public; Owner: -
--

COPY public.regle_exclusion (id, create_by, create_date, update_by, update_date, uuid, description, option_a_id, option_b_id) FROM stdin;
\.


--
-- Data for Name: rendez_vous; Type: TABLE DATA; Schema: public; Owner: -
--

COPY public.rendez_vous (id, create_by, create_date, update_by, update_date, uuid, date, statut, creneau_id, service_id, technicien_id, user_id, vehicule_id, description, details_specifiques, immatriculation, kilometrage, modele_vehicule, urgence, vin, heure_debut) FROM stdin;
1	\N	2026-04-23 17:24:56.181966	\N	2026-05-22 13:47:16.409027	b921c9b3-5161-4a4b-8bd6-d878640ba6f0	\N	EN_ATTENTE	\N	1	\N	8	\N		Voyant allumé sur le tableau de bord, Problème d'écran tactile ou GPS		0		MEDIUM		\N
5	\N	2026-04-24 09:33:09.560954	\N	2026-04-24 21:07:10.953011	08f68f0c-bec4-4b14-956a-e832dbe22157	\N	EN_ATTENTE	\N	1	\N	8	\N		Bruit suspect au roulage, Fuite de liquide (huile, eau)		0		LOW		\N
6	\N	2026-04-24 14:49:44.953199	\N	2026-04-24 21:07:20.223611	a85147b0-6a05-4205-82e6-482390efca94	\N	EN_ATTENTE	\N	1	\N	8	\N		Perte de puissance moteur, Problème de freinage		0		MEDIUM		\N
2	\N	2026-04-23 18:32:01.696404	\N	2026-04-26 06:53:48.463036	d5c858ed-240f-4231-96ef-64a340fbc15a	2026-04-22	CONFIRME	\N	4	1	8	\N		Bris de glace (pare-brise, vitres), Réparation suite à un choc		0		LOW		09:00
7	\N	2026-04-24 18:31:57.467794	\N	2026-04-24 20:50:05.416257	b7da2c17-8001-4b38-b035-81701fc7b80a	\N	EN_ATTENTE	\N	1	\N	8	\N		Fuite de liquide (huile, eau), Bruit suspect au roulage, Problème de freinage, Perte de puissance moteur		0		HIGH		\N
\.


--
-- Data for Name: roles; Type: TABLE DATA; Schema: public; Owner: -
--

COPY public.roles (id, name) FROM stdin;
1	ROLE_USER
2	ROLE_MODERATOR
3	ROLE_ADMIN
10	ROLE_CLIENT
11	ROLE_RECEPTIONNISTE
12	ROLE_CHEF_TECHNICIEN
13	ROLE_STOCK
14	ROLE_DG
15	ROLE_TECHNICIEN
16	ROLE_CHAUFFEUR
\.


--
-- Data for Name: servicesav; Type: TABLE DATA; Schema: public; Owner: -
--

COPY public.servicesav (id, create_by, create_date, update_by, update_date, uuid, duree_estimee, libelle, description, prix_base) FROM stdin;
1	\N	2026-04-23 17:24:31.690966	\N	2026-04-23 17:24:31.690966	dc4ba213-938f-445a-9d08-567b76335058	\N	Mécanique & Moteur	Diagnostic et réparation mécanique lourde	0
2	\N	2026-04-23 17:24:31.71012	\N	2026-04-23 17:24:31.71012	4f155e11-0757-4c15-81e5-4850ce0041eb	\N	Électronique & Bord	Réparation systèmes électriques et informatiques	0
3	\N	2026-04-23 17:24:31.717533	\N	2026-04-23 17:24:31.717533	1a50fa94-2405-4819-949f-7acc0de2ad7f	\N	Entretien & Révision	Maintenance périodique certifiée	0
4	\N	2026-04-23 17:24:31.726	\N	2026-04-23 17:24:31.726	562fae5a-5284-47ca-a728-058fc74f323d	\N	Carrosserie & Esthétique	Remise à neuf extérieure et peinture	0
5	\N	2026-04-23 17:24:31.734083	\N	2026-04-23 17:24:31.734083	09f12a55-84a7-4b3a-8d4d-8100746c0441	\N	Pièces Détachées	Vente et installation de pièces d'origine	0
\.


--
-- Data for Name: technicien; Type: TABLE DATA; Schema: public; Owner: -
--

COPY public.technicien (id, create_by, create_date, update_by, update_date, uuid, actif, charge_travail_max, email, grade, nom, prenom, specialite, tel) FROM stdin;
1	\N	2026-04-20 09:02:17.400215	\N	2026-04-20 09:02:17.400215	eb212178-d345-4923-8e19-f52d45789fe6	t	\N	\N	\N	Koffi	Ata	MÉCANIQUE GÉNÉRALE	\N
2	\N	2026-04-20 09:02:17.40965	\N	2026-04-20 09:02:17.40965	fc78756e-c7bd-4de2-b1b1-b61b4143d7d0	t	\N	\N	\N	Mensah	Paul	ÉLECTRONIQUE & DIAGNOSTIC	\N
3	\N	2026-04-20 09:02:17.413659	\N	2026-04-20 09:02:17.413659	2125d1e1-c131-4202-9873-6f1771adabe4	t	\N	\N	\N	Lawson	Eric	CLIMATISATION & FILTRAGE	\N
\.


--
-- Data for Name: ticket_sav; Type: TABLE DATA; Schema: public; Owner: -
--

COPY public.ticket_sav (id, create_by, create_date, update_by, update_date, uuid, description, statut, vehicule_immat, vehicule_marque, technicien_id, user_id) FROM stdin;
\.


--
-- Data for Name: user_roles; Type: TABLE DATA; Schema: public; Owner: -
--

COPY public.user_roles (user_id, role_id) FROM stdin;
1	3
9	11
10	12
11	10
12	13
13	14
8	1
15	16
16	16
17	16
14	12
\.


--
-- Data for Name: users; Type: TABLE DATA; Schema: public; Owner: -
--

COPY public.users (id, create_by, create_date, update_by, update_date, uuid, email, password, username, email_verified, must_reset_password, two_factor_enabled, nom, prenom, expo_push_token, telephone, heure_debut_travail, heure_fin_travail) FROM stdin;
9	\N	2026-04-30 10:20:46.132597	\N	2026-04-30 10:20:46.132597	732a1658-6268-4ef5-a2b8-7c34f10c71c8	reception@diwa.tg	$2a$10$fKYzcYXuiqN5Tn3jo/tEm.E8u8kAp8pDP/Ik5dTykqu3aZQBPILrO	reception	t	f	f	\N	\N	\N	\N	\N	\N
10	\N	2026-04-30 10:20:46.272661	\N	2026-04-30 10:20:46.272661	a5a3de78-44eb-4b44-b129-474ddae64250	tech@diwa.tg	$2a$10$VCRflUYSdUT8IjKozE..iegFrGvYjrxETMl6W20hhEQuedcrk45gm	tech	t	f	f	\N	\N	\N	\N	\N	\N
11	\N	2026-04-30 10:20:46.358713	\N	2026-04-30 10:20:46.358713	79362b65-e21b-42d2-a113-e4d6b26de592	client@diwa.tg	$2a$10$dZXs3wPJ/5MDdN7.p6Z8qeGhxlGC7pLwPvx699vxjTCF1VSDbJf2a	client	t	f	f	\N	\N	\N	\N	\N	\N
12	\N	2026-04-30 10:20:46.449043	\N	2026-04-30 10:20:46.449043	1def82f4-27cd-4941-826b-a8563db1b16e	stock@diwa.tg	$2a$10$A7A0bLi1PbZsVNxKRNq46e9D5Dhq7ijShddGFyyLXs3RKL5m.6JyS	stock	t	f	f	\N	\N	\N	\N	\N	\N
13	\N	2026-04-30 10:20:46.535853	\N	2026-04-30 10:20:46.535853	b26c7ad7-c536-48d8-aed2-1780e79f559a	dg@diwa.tg	$2a$10$NAvVzJ2Hly9PmiMrBf3P/.1q9gVB84RFfU.NxIm4b7wrOeBGYfKTS	dg	t	f	f	\N	\N	\N	\N	\N	\N
1	\N	2026-04-20 09:02:17.312113	\N	2026-04-30 13:41:27.208783	631f4d88-956f-4e6f-b601-a3c6ddf65b9d	admin@diwa.tg	$2a$10$nhRd5TzQsper0cWhgQXYcuC3x3JQKUWVqciN3trfWRoZ6JatjLZDa	admin	t	f	f	\N	\N	\N	\N	\N	\N
8	\N	2026-04-22 15:14:22.458202	\N	2026-05-07 16:59:20.630128	c226643a-52c6-4fd6-ba8c-634d43a9faef	tcheouafeipaulin@gmail.com	$2a$10$nJlg4IHEDET5F0CWTl6zQeP6ZwsT1sgr2hfH733gxsEYgiXnneX2O	tcheouafei_paul	t	f	t	TCHEOUAFEI 	paul	\N	\N	\N	\N
15	\N	2026-05-06 23:39:25.184488	\N	2026-05-07 17:12:13.063419	b682eb12-c321-4fae-b59d-3ccd2cab20e4	chauffeur@diwa.tg	$2a$10$uJlbus4vAwyhSdnm0vfkOOAtlFpyHxDY6bpBVp57ia7TNqcarbmJq	chauffeur	t	f	f	charles	kokou	\N		\N	\N
16	\N	2026-05-10 15:31:14.699522	\N	2026-05-10 15:31:14.699522	e3deab71-5522-4e65-99d0-cb42d79087dd	chauffeur1@diwa.tg	$2a$10$Wd4XJYL/PodQU.gaewVwfuLBrHB0L.rFkPpu7wH8GT4Q1kQGu7PKe	chauffeur1	t	t	f	Moov	Moov	\N	90038342	06:00:00	18:00:00
17	\N	2026-05-10 16:38:45.745006	\N	2026-05-10 16:40:30.579138	671dac4a-415c-4e90-b448-23d7c818c8f7	chauffeur2@diwa.tg	$2a$10$rY5QkJlqQedZM7E/hxqIW.djMP0BU6FeS6ABqDdk7DDqdGxkm8w/e	chauffeur2	t	f	f	paulo	paul	\N	70088962	06:00:00	18:00:00
14	\N	2026-05-06 23:39:25.033766	\N	2026-05-11 01:40:57.840411	0ff912ff-e405-41f0-9d26-164b8e67f0ea	cheftech@diwa.tg	$2a$10$mFjsOV0kSPBjhiVEMu4kd.l.s0H9v7CNpWFUTbWk5wIv63gIPsdhK	cheftech	t	f	f	jules 	abalo 	\N		\N	\N
\.


--
-- Data for Name: vehicule; Type: TABLE DATA; Schema: public; Owner: -
--

COPY public.vehicule (id, create_by, create_date, update_by, update_date, uuid, actif, annee, description, fichier_glb, marque, modele, prix_base, stock, image_principale, dossier360, fiche_technique, immatriculation, kilometrage_achat) FROM stdin;
3	\N	2026-04-20 09:02:17.438003	\N	2026-04-21 14:25:32.105543	uuid-traverse	t	2026	Le confort américain pour toute la famille.	/models/chevrolet_traverse.glb	CHEVROLET	TRAVERSE	25000000	0	vehicules/images/315ca89f-6565-4dac-9237-5f3406b22050.png	\N	\N	\N	\N
10	\N	2026-04-22 08:35:47.183953	\N	2026-04-23 11:43:23.908967	912985a2-f6a3-4e3e-81a8-4445616fae6e	t	2026		\N	MG	MG RX8	18500000	10	vehicules/images/3fa1ab36-1418-4484-b639-203ffc0725f5.png		\N	\N	\N
9	\N	2026-04-20 15:42:31.517234	\N	2026-04-28 09:36:03.079133	ba3e530e-0fb0-442f-a21b-0b42de3898c8	t	2025		vehicules/5c1cb55e-0e77-48a5-b4db-dfe26286d495.glb	BAIC	BJ80	20000000	10	vehicules/images/3eee386f-6b8e-4fec-b07e-b318f2b6c5a8.png	bj80	\N	\N	\N
11	\N	2026-04-22 08:54:55.863371	\N	2026-04-28 09:36:11.084069	f5b88151-5e6f-402e-bdd0-8b9d099796f0	t	2026		\N	BAIC	BJ60	50000000	40	vehicules/images/c28282ae-699b-4cfc-83d2-aae22df63fd3.png		\N	\N	\N
12	\N	2026-05-04 12:02:24.981379	\N	2026-05-05 10:13:46.746303	d03d1138-ea0e-4b4c-a5b3-ba6245f610dd	t	2025		\N	ISUZU	MU-X	0	5	vehicules/images/ffcdde81-25f7-4f6c-afe7-225f25234739.png		vehicules/pdf/e1236e89-1d5c-44c4-b0af-172bb22a3628.pdf	\N	\N
\.


--
-- Data for Name: vehicule_couleurs; Type: TABLE DATA; Schema: public; Owner: -
--

COPY public.vehicule_couleurs (vehicule_id, couleur) FROM stdin;
9	#000000
9	#a8a4a4
12	{"hex":"#a32020","name":"Red Spinal Mica","image":"vehicules/images/7bce9015-ceed-42df-b8fa-6e0b28ca9e6e.png"}
12	{"hex":"#5a5e60","name":"Galena Gray","image":"vehicules/images/0ddd4cd5-35a3-4538-9f55-9d8b8b9d4495.png"}
12	{"hex":"#c7c9cc","name":"Silver Metallic","image":"vehicules/images/f71c381f-8c3c-413d-82df-c1e36f8642d4.png"}
12	{"hex":"#2f4f6f","name":"Nautilus Blue","image":"vehicules/images/706a80ff-5212-44fd-a888-1ac4764eda80.png"}
12	{"hex":"#0f0f10","name":"Black Mica","image":"vehicules/images/4925a5d1-9215-4cb7-98a9-faf0a364117b.png"}
\.


--
-- Name: account_confirmation_tokens_id_seq; Type: SEQUENCE SET; Schema: public; Owner: -
--

SELECT pg_catalog.setval('public.account_confirmation_tokens_id_seq', 6, true);


--
-- Name: affectations_travail_id_seq; Type: SEQUENCE SET; Schema: public; Owner: -
--

SELECT pg_catalog.setval('public.affectations_travail_id_seq', 1, true);


--
-- Name: app_notifications_id_seq; Type: SEQUENCE SET; Schema: public; Owner: -
--

SELECT pg_catalog.setval('public.app_notifications_id_seq', 16, true);


--
-- Name: asset_visuel_id_seq; Type: SEQUENCE SET; Schema: public; Owner: -
--

SELECT pg_catalog.setval('public.asset_visuel_id_seq', 73, true);


--
-- Name: avis_id_seq; Type: SEQUENCE SET; Schema: public; Owner: -
--

SELECT pg_catalog.setval('public.avis_id_seq', 1, false);


--
-- Name: categorie_piece_id_seq; Type: SEQUENCE SET; Schema: public; Owner: -
--

SELECT pg_catalog.setval('public.categorie_piece_id_seq', 9, true);


--
-- Name: commande_id_seq; Type: SEQUENCE SET; Schema: public; Owner: -
--

SELECT pg_catalog.setval('public.commande_id_seq', 1, false);


--
-- Name: commentaire_ticket_id_seq; Type: SEQUENCE SET; Schema: public; Owner: -
--

SELECT pg_catalog.setval('public.commentaire_ticket_id_seq', 1, false);


--
-- Name: compatibilite_piece_id_seq; Type: SEQUENCE SET; Schema: public; Owner: -
--

SELECT pg_catalog.setval('public.compatibilite_piece_id_seq', 1, false);


--
-- Name: configuration_vehicule_id_seq; Type: SEQUENCE SET; Schema: public; Owner: -
--

SELECT pg_catalog.setval('public.configuration_vehicule_id_seq', 9, true);


--
-- Name: contact_messages_id_seq; Type: SEQUENCE SET; Schema: public; Owner: -
--

SELECT pg_catalog.setval('public.contact_messages_id_seq', 2, true);


--
-- Name: coupons_reduction_id_seq; Type: SEQUENCE SET; Schema: public; Owner: -
--

SELECT pg_catalog.setval('public.coupons_reduction_id_seq', 1, false);


--
-- Name: creneau_horaire_id_seq; Type: SEQUENCE SET; Schema: public; Owner: -
--

SELECT pg_catalog.setval('public.creneau_horaire_id_seq', 1, false);


--
-- Name: demandes_intervention_id_seq; Type: SEQUENCE SET; Schema: public; Owner: -
--

SELECT pg_catalog.setval('public.demandes_intervention_id_seq', 5, true);


--
-- Name: exception_plage_id_seq; Type: SEQUENCE SET; Schema: public; Owner: -
--

SELECT pg_catalog.setval('public.exception_plage_id_seq', 1, false);


--
-- Name: favoris_id_seq; Type: SEQUENCE SET; Schema: public; Owner: -
--

SELECT pg_catalog.setval('public.favoris_id_seq', 8, true);


--
-- Name: finition_id_seq; Type: SEQUENCE SET; Schema: public; Owner: -
--

SELECT pg_catalog.setval('public.finition_id_seq', 3, true);


--
-- Name: gamme_prix_id_seq; Type: SEQUENCE SET; Schema: public; Owner: -
--

SELECT pg_catalog.setval('public.gamme_prix_id_seq', 6, true);


--
-- Name: historique_statuts_demande_id_seq; Type: SEQUENCE SET; Schema: public; Owner: -
--

SELECT pg_catalog.setval('public.historique_statuts_demande_id_seq', 71, true);


--
-- Name: ligne_de_commande_id_seq; Type: SEQUENCE SET; Schema: public; Owner: -
--

SELECT pg_catalog.setval('public.ligne_de_commande_id_seq', 1, false);


--
-- Name: lignes_pf_main_oeuvre_id_seq; Type: SEQUENCE SET; Schema: public; Owner: -
--

SELECT pg_catalog.setval('public.lignes_pf_main_oeuvre_id_seq', 6, true);


--
-- Name: lignes_pf_travaux_id_seq; Type: SEQUENCE SET; Schema: public; Owner: -
--

SELECT pg_catalog.setval('public.lignes_pf_travaux_id_seq', 7, true);


--
-- Name: lignes_proforma_main_oeuvre_id_seq; Type: SEQUENCE SET; Schema: public; Owner: -
--

SELECT pg_catalog.setval('public.lignes_proforma_main_oeuvre_id_seq', 1, false);


--
-- Name: lignes_proforma_travaux_id_seq; Type: SEQUENCE SET; Schema: public; Owner: -
--

SELECT pg_catalog.setval('public.lignes_proforma_travaux_id_seq', 1, false);


--
-- Name: messages_chat_atelier_id_seq; Type: SEQUENCE SET; Schema: public; Owner: -
--

SELECT pg_catalog.setval('public.messages_chat_atelier_id_seq', 1, false);


--
-- Name: messages_chat_id_seq; Type: SEQUENCE SET; Schema: public; Owner: -
--

SELECT pg_catalog.setval('public.messages_chat_id_seq', 1, false);


--
-- Name: missions_chauffeur_id_seq; Type: SEQUENCE SET; Schema: public; Owner: -
--

SELECT pg_catalog.setval('public.missions_chauffeur_id_seq', 4, true);


--
-- Name: motorisation_id_seq; Type: SEQUENCE SET; Schema: public; Owner: -
--

SELECT pg_catalog.setval('public.motorisation_id_seq', 4, true);


--
-- Name: option_vehicule_id_seq; Type: SEQUENCE SET; Schema: public; Owner: -
--

SELECT pg_catalog.setval('public.option_vehicule_id_seq', 1, true);


--
-- Name: otp_codes_id_seq; Type: SEQUENCE SET; Schema: public; Owner: -
--

SELECT pg_catalog.setval('public.otp_codes_id_seq', 14, true);


--
-- Name: parametres_atelier_id_seq; Type: SEQUENCE SET; Schema: public; Owner: -
--

SELECT pg_catalog.setval('public.parametres_atelier_id_seq', 1, true);


--
-- Name: partage_token_id_seq; Type: SEQUENCE SET; Schema: public; Owner: -
--

SELECT pg_catalog.setval('public.partage_token_id_seq', 1, false);


--
-- Name: piece_detachee_id_seq; Type: SEQUENCE SET; Schema: public; Owner: -
--

SELECT pg_catalog.setval('public.piece_detachee_id_seq', 3, true);


--
-- Name: plage_horaire_diwa_id_seq; Type: SEQUENCE SET; Schema: public; Owner: -
--

SELECT pg_catalog.setval('public.plage_horaire_diwa_id_seq', 25, true);


--
-- Name: plage_horaire_id_seq; Type: SEQUENCE SET; Schema: public; Owner: -
--

SELECT pg_catalog.setval('public.plage_horaire_id_seq', 1, false);


--
-- Name: pro_formas_id_seq; Type: SEQUENCE SET; Schema: public; Owner: -
--

SELECT pg_catalog.setval('public.pro_formas_id_seq', 3, true);


--
-- Name: regle_exclusion_id_seq; Type: SEQUENCE SET; Schema: public; Owner: -
--

SELECT pg_catalog.setval('public.regle_exclusion_id_seq', 1, false);


--
-- Name: rendez_vous_id_seq; Type: SEQUENCE SET; Schema: public; Owner: -
--

SELECT pg_catalog.setval('public.rendez_vous_id_seq', 7, true);


--
-- Name: roles_id_seq; Type: SEQUENCE SET; Schema: public; Owner: -
--

SELECT pg_catalog.setval('public.roles_id_seq', 16, true);


--
-- Name: servicesav_id_seq; Type: SEQUENCE SET; Schema: public; Owner: -
--

SELECT pg_catalog.setval('public.servicesav_id_seq', 5, true);


--
-- Name: technicien_id_seq; Type: SEQUENCE SET; Schema: public; Owner: -
--

SELECT pg_catalog.setval('public.technicien_id_seq', 3, true);


--
-- Name: ticket_sav_id_seq; Type: SEQUENCE SET; Schema: public; Owner: -
--

SELECT pg_catalog.setval('public.ticket_sav_id_seq', 1, false);


--
-- Name: users_id_seq; Type: SEQUENCE SET; Schema: public; Owner: -
--

SELECT pg_catalog.setval('public.users_id_seq', 17, true);


--
-- Name: vehicule_id_seq; Type: SEQUENCE SET; Schema: public; Owner: -
--

SELECT pg_catalog.setval('public.vehicule_id_seq', 13, true);


--
-- Name: account_confirmation_tokens account_confirmation_tokens_pkey; Type: CONSTRAINT; Schema: public; Owner: -
--

ALTER TABLE ONLY public.account_confirmation_tokens
    ADD CONSTRAINT account_confirmation_tokens_pkey PRIMARY KEY (id);


--
-- Name: affectations_travail affectations_travail_pkey; Type: CONSTRAINT; Schema: public; Owner: -
--

ALTER TABLE ONLY public.affectations_travail
    ADD CONSTRAINT affectations_travail_pkey PRIMARY KEY (id);


--
-- Name: app_notifications app_notifications_pkey; Type: CONSTRAINT; Schema: public; Owner: -
--

ALTER TABLE ONLY public.app_notifications
    ADD CONSTRAINT app_notifications_pkey PRIMARY KEY (id);


--
-- Name: asset_visuel asset_visuel_pkey; Type: CONSTRAINT; Schema: public; Owner: -
--

ALTER TABLE ONLY public.asset_visuel
    ADD CONSTRAINT asset_visuel_pkey PRIMARY KEY (id);


--
-- Name: avis avis_pkey; Type: CONSTRAINT; Schema: public; Owner: -
--

ALTER TABLE ONLY public.avis
    ADD CONSTRAINT avis_pkey PRIMARY KEY (id);


--
-- Name: categorie_piece categorie_piece_pkey; Type: CONSTRAINT; Schema: public; Owner: -
--

ALTER TABLE ONLY public.categorie_piece
    ADD CONSTRAINT categorie_piece_pkey PRIMARY KEY (id);


--
-- Name: cms_contents cms_contents_pkey; Type: CONSTRAINT; Schema: public; Owner: -
--

ALTER TABLE ONLY public.cms_contents
    ADD CONSTRAINT cms_contents_pkey PRIMARY KEY (content_key);


--
-- Name: commande commande_pkey; Type: CONSTRAINT; Schema: public; Owner: -
--

ALTER TABLE ONLY public.commande
    ADD CONSTRAINT commande_pkey PRIMARY KEY (id);


--
-- Name: commentaire_ticket commentaire_ticket_pkey; Type: CONSTRAINT; Schema: public; Owner: -
--

ALTER TABLE ONLY public.commentaire_ticket
    ADD CONSTRAINT commentaire_ticket_pkey PRIMARY KEY (id);


--
-- Name: compatibilite_piece compatibilite_piece_pkey; Type: CONSTRAINT; Schema: public; Owner: -
--

ALTER TABLE ONLY public.compatibilite_piece
    ADD CONSTRAINT compatibilite_piece_pkey PRIMARY KEY (id);


--
-- Name: configuration_vehicule configuration_vehicule_pkey; Type: CONSTRAINT; Schema: public; Owner: -
--

ALTER TABLE ONLY public.configuration_vehicule
    ADD CONSTRAINT configuration_vehicule_pkey PRIMARY KEY (id);


--
-- Name: contact_messages contact_messages_pkey; Type: CONSTRAINT; Schema: public; Owner: -
--

ALTER TABLE ONLY public.contact_messages
    ADD CONSTRAINT contact_messages_pkey PRIMARY KEY (id);


--
-- Name: coupons_reduction coupons_reduction_pkey; Type: CONSTRAINT; Schema: public; Owner: -
--

ALTER TABLE ONLY public.coupons_reduction
    ADD CONSTRAINT coupons_reduction_pkey PRIMARY KEY (id);


--
-- Name: creneau_horaire creneau_horaire_pkey; Type: CONSTRAINT; Schema: public; Owner: -
--

ALTER TABLE ONLY public.creneau_horaire
    ADD CONSTRAINT creneau_horaire_pkey PRIMARY KEY (id);


--
-- Name: demandes_intervention demandes_intervention_pkey; Type: CONSTRAINT; Schema: public; Owner: -
--

ALTER TABLE ONLY public.demandes_intervention
    ADD CONSTRAINT demandes_intervention_pkey PRIMARY KEY (id);


--
-- Name: exception_plage exception_plage_pkey; Type: CONSTRAINT; Schema: public; Owner: -
--

ALTER TABLE ONLY public.exception_plage
    ADD CONSTRAINT exception_plage_pkey PRIMARY KEY (id);


--
-- Name: favoris favoris_pkey; Type: CONSTRAINT; Schema: public; Owner: -
--

ALTER TABLE ONLY public.favoris
    ADD CONSTRAINT favoris_pkey PRIMARY KEY (id);


--
-- Name: finition finition_pkey; Type: CONSTRAINT; Schema: public; Owner: -
--

ALTER TABLE ONLY public.finition
    ADD CONSTRAINT finition_pkey PRIMARY KEY (id);


--
-- Name: gamme_prix gamme_prix_pkey; Type: CONSTRAINT; Schema: public; Owner: -
--

ALTER TABLE ONLY public.gamme_prix
    ADD CONSTRAINT gamme_prix_pkey PRIMARY KEY (id);


--
-- Name: historique_statuts_demande historique_statuts_demande_pkey; Type: CONSTRAINT; Schema: public; Owner: -
--

ALTER TABLE ONLY public.historique_statuts_demande
    ADD CONSTRAINT historique_statuts_demande_pkey PRIMARY KEY (id);


--
-- Name: coupons_reduction idx_coupon_code; Type: CONSTRAINT; Schema: public; Owner: -
--

ALTER TABLE ONLY public.coupons_reduction
    ADD CONSTRAINT idx_coupon_code UNIQUE (code);


--
-- Name: ligne_de_commande ligne_de_commande_pkey; Type: CONSTRAINT; Schema: public; Owner: -
--

ALTER TABLE ONLY public.ligne_de_commande
    ADD CONSTRAINT ligne_de_commande_pkey PRIMARY KEY (id);


--
-- Name: lignes_pf_main_oeuvre lignes_pf_main_oeuvre_pkey; Type: CONSTRAINT; Schema: public; Owner: -
--

ALTER TABLE ONLY public.lignes_pf_main_oeuvre
    ADD CONSTRAINT lignes_pf_main_oeuvre_pkey PRIMARY KEY (id);


--
-- Name: lignes_pf_travaux lignes_pf_travaux_pkey; Type: CONSTRAINT; Schema: public; Owner: -
--

ALTER TABLE ONLY public.lignes_pf_travaux
    ADD CONSTRAINT lignes_pf_travaux_pkey PRIMARY KEY (id);


--
-- Name: lignes_proforma_main_oeuvre lignes_proforma_main_oeuvre_pkey; Type: CONSTRAINT; Schema: public; Owner: -
--

ALTER TABLE ONLY public.lignes_proforma_main_oeuvre
    ADD CONSTRAINT lignes_proforma_main_oeuvre_pkey PRIMARY KEY (id);


--
-- Name: lignes_proforma_travaux lignes_proforma_travaux_pkey; Type: CONSTRAINT; Schema: public; Owner: -
--

ALTER TABLE ONLY public.lignes_proforma_travaux
    ADD CONSTRAINT lignes_proforma_travaux_pkey PRIMARY KEY (id);


--
-- Name: messages_chat_atelier messages_chat_atelier_pkey; Type: CONSTRAINT; Schema: public; Owner: -
--

ALTER TABLE ONLY public.messages_chat_atelier
    ADD CONSTRAINT messages_chat_atelier_pkey PRIMARY KEY (id);


--
-- Name: messages_chat messages_chat_pkey; Type: CONSTRAINT; Schema: public; Owner: -
--

ALTER TABLE ONLY public.messages_chat
    ADD CONSTRAINT messages_chat_pkey PRIMARY KEY (id);


--
-- Name: missions_chauffeur missions_chauffeur_pkey; Type: CONSTRAINT; Schema: public; Owner: -
--

ALTER TABLE ONLY public.missions_chauffeur
    ADD CONSTRAINT missions_chauffeur_pkey PRIMARY KEY (id);


--
-- Name: motorisation motorisation_pkey; Type: CONSTRAINT; Schema: public; Owner: -
--

ALTER TABLE ONLY public.motorisation
    ADD CONSTRAINT motorisation_pkey PRIMARY KEY (id);


--
-- Name: option_vehicule option_vehicule_pkey; Type: CONSTRAINT; Schema: public; Owner: -
--

ALTER TABLE ONLY public.option_vehicule
    ADD CONSTRAINT option_vehicule_pkey PRIMARY KEY (id);


--
-- Name: otp_codes otp_codes_pkey; Type: CONSTRAINT; Schema: public; Owner: -
--

ALTER TABLE ONLY public.otp_codes
    ADD CONSTRAINT otp_codes_pkey PRIMARY KEY (id);


--
-- Name: parametres_atelier parametres_atelier_pkey; Type: CONSTRAINT; Schema: public; Owner: -
--

ALTER TABLE ONLY public.parametres_atelier
    ADD CONSTRAINT parametres_atelier_pkey PRIMARY KEY (id);


--
-- Name: partage_token partage_token_pkey; Type: CONSTRAINT; Schema: public; Owner: -
--

ALTER TABLE ONLY public.partage_token
    ADD CONSTRAINT partage_token_pkey PRIMARY KEY (id);


--
-- Name: piece_detachee piece_detachee_pkey; Type: CONSTRAINT; Schema: public; Owner: -
--

ALTER TABLE ONLY public.piece_detachee
    ADD CONSTRAINT piece_detachee_pkey PRIMARY KEY (id);


--
-- Name: plage_horaire_diwa plage_horaire_diwa_pkey; Type: CONSTRAINT; Schema: public; Owner: -
--

ALTER TABLE ONLY public.plage_horaire_diwa
    ADD CONSTRAINT plage_horaire_diwa_pkey PRIMARY KEY (id);


--
-- Name: plage_horaire plage_horaire_pkey; Type: CONSTRAINT; Schema: public; Owner: -
--

ALTER TABLE ONLY public.plage_horaire
    ADD CONSTRAINT plage_horaire_pkey PRIMARY KEY (id);


--
-- Name: pro_formas pro_formas_pkey; Type: CONSTRAINT; Schema: public; Owner: -
--

ALTER TABLE ONLY public.pro_formas
    ADD CONSTRAINT pro_formas_pkey PRIMARY KEY (id);


--
-- Name: regle_exclusion regle_exclusion_pkey; Type: CONSTRAINT; Schema: public; Owner: -
--

ALTER TABLE ONLY public.regle_exclusion
    ADD CONSTRAINT regle_exclusion_pkey PRIMARY KEY (id);


--
-- Name: rendez_vous rendez_vous_pkey; Type: CONSTRAINT; Schema: public; Owner: -
--

ALTER TABLE ONLY public.rendez_vous
    ADD CONSTRAINT rendez_vous_pkey PRIMARY KEY (id);


--
-- Name: roles roles_pkey; Type: CONSTRAINT; Schema: public; Owner: -
--

ALTER TABLE ONLY public.roles
    ADD CONSTRAINT roles_pkey PRIMARY KEY (id);


--
-- Name: servicesav servicesav_pkey; Type: CONSTRAINT; Schema: public; Owner: -
--

ALTER TABLE ONLY public.servicesav
    ADD CONSTRAINT servicesav_pkey PRIMARY KEY (id);


--
-- Name: technicien technicien_pkey; Type: CONSTRAINT; Schema: public; Owner: -
--

ALTER TABLE ONLY public.technicien
    ADD CONSTRAINT technicien_pkey PRIMARY KEY (id);


--
-- Name: ticket_sav ticket_sav_pkey; Type: CONSTRAINT; Schema: public; Owner: -
--

ALTER TABLE ONLY public.ticket_sav
    ADD CONSTRAINT ticket_sav_pkey PRIMARY KEY (id);


--
-- Name: demandes_intervention uk13uvpff68ce56tee8d1wqrpsc; Type: CONSTRAINT; Schema: public; Owner: -
--

ALTER TABLE ONLY public.demandes_intervention
    ADD CONSTRAINT uk13uvpff68ce56tee8d1wqrpsc UNIQUE (uuid);


--
-- Name: lignes_pf_main_oeuvre uk237f4l5jkccxk00ybth1npd1y; Type: CONSTRAINT; Schema: public; Owner: -
--

ALTER TABLE ONLY public.lignes_pf_main_oeuvre
    ADD CONSTRAINT uk237f4l5jkccxk00ybth1npd1y UNIQUE (uuid);


--
-- Name: messages_chat uk24xlvlathspdgf4wvh772ra4m; Type: CONSTRAINT; Schema: public; Owner: -
--

ALTER TABLE ONLY public.messages_chat
    ADD CONSTRAINT uk24xlvlathspdgf4wvh772ra4m UNIQUE (uuid);


--
-- Name: account_confirmation_tokens uk2b93a3pth6y9sje734jqcv67a; Type: CONSTRAINT; Schema: public; Owner: -
--

ALTER TABLE ONLY public.account_confirmation_tokens
    ADD CONSTRAINT uk2b93a3pth6y9sje734jqcv67a UNIQUE (uuid);


--
-- Name: partage_token uk3gpca3ice64e08etka707mfeu; Type: CONSTRAINT; Schema: public; Owner: -
--

ALTER TABLE ONLY public.partage_token
    ADD CONSTRAINT uk3gpca3ice64e08etka707mfeu UNIQUE (config_id);


--
-- Name: vehicule uk4gw77ydoh7jo1atgmjpvyslpr; Type: CONSTRAINT; Schema: public; Owner: -
--

ALTER TABLE ONLY public.vehicule
    ADD CONSTRAINT uk4gw77ydoh7jo1atgmjpvyslpr UNIQUE (uuid);


--
-- Name: plage_horaire_diwa uk4p79r18r1rpg35adwpudfhi5w; Type: CONSTRAINT; Schema: public; Owner: -
--

ALTER TABLE ONLY public.plage_horaire_diwa
    ADD CONSTRAINT uk4p79r18r1rpg35adwpudfhi5w UNIQUE (uuid);


--
-- Name: missions_chauffeur uk4y5ufmsjaxm2n02edd4i6pci4; Type: CONSTRAINT; Schema: public; Owner: -
--

ALTER TABLE ONLY public.missions_chauffeur
    ADD CONSTRAINT uk4y5ufmsjaxm2n02edd4i6pci4 UNIQUE (uuid);


--
-- Name: rendez_vous uk5dyl4y30w6a462frgfbpph10w; Type: CONSTRAINT; Schema: public; Owner: -
--

ALTER TABLE ONLY public.rendez_vous
    ADD CONSTRAINT uk5dyl4y30w6a462frgfbpph10w UNIQUE (uuid);


--
-- Name: coupons_reduction uk5f4dj7yc9kxaitlrh5ly7brsg; Type: CONSTRAINT; Schema: public; Owner: -
--

ALTER TABLE ONLY public.coupons_reduction
    ADD CONSTRAINT uk5f4dj7yc9kxaitlrh5ly7brsg UNIQUE (uuid);


--
-- Name: pro_formas uk5fomw037lsr7aaq9onnt1ousk; Type: CONSTRAINT; Schema: public; Owner: -
--

ALTER TABLE ONLY public.pro_formas
    ADD CONSTRAINT uk5fomw037lsr7aaq9onnt1ousk UNIQUE (reference);


--
-- Name: creneau_horaire uk5pdfuyn6v1lvvirom664x1viq; Type: CONSTRAINT; Schema: public; Owner: -
--

ALTER TABLE ONLY public.creneau_horaire
    ADD CONSTRAINT uk5pdfuyn6v1lvvirom664x1viq UNIQUE (uuid);


--
-- Name: favoris uk64gjfvi0d7bh8grfav68s8mf6; Type: CONSTRAINT; Schema: public; Owner: -
--

ALTER TABLE ONLY public.favoris
    ADD CONSTRAINT uk64gjfvi0d7bh8grfav68s8mf6 UNIQUE (uuid);


--
-- Name: ligne_de_commande uk64tf470mvurh6l9gsb6n5wm44; Type: CONSTRAINT; Schema: public; Owner: -
--

ALTER TABLE ONLY public.ligne_de_commande
    ADD CONSTRAINT uk64tf470mvurh6l9gsb6n5wm44 UNIQUE (uuid);


--
-- Name: lignes_pf_travaux uk65i41uuwfbkbb1ary98mrc9u0; Type: CONSTRAINT; Schema: public; Owner: -
--

ALTER TABLE ONLY public.lignes_pf_travaux
    ADD CONSTRAINT uk65i41uuwfbkbb1ary98mrc9u0 UNIQUE (uuid);


--
-- Name: users uk6dotkott2kjsp8vw4d0m25fb7; Type: CONSTRAINT; Schema: public; Owner: -
--

ALTER TABLE ONLY public.users
    ADD CONSTRAINT uk6dotkott2kjsp8vw4d0m25fb7 UNIQUE (email);


--
-- Name: users uk6km2m9i3vjuy36rnvkgj1l61s; Type: CONSTRAINT; Schema: public; Owner: -
--

ALTER TABLE ONLY public.users
    ADD CONSTRAINT uk6km2m9i3vjuy36rnvkgj1l61s UNIQUE (uuid);


--
-- Name: partage_token uk6q9vuvcfjb8u2ovr0daemetbb; Type: CONSTRAINT; Schema: public; Owner: -
--

ALTER TABLE ONLY public.partage_token
    ADD CONSTRAINT uk6q9vuvcfjb8u2ovr0daemetbb UNIQUE (uuid);


--
-- Name: asset_visuel uk7dn6g08bj45cc6pt7625625l0; Type: CONSTRAINT; Schema: public; Owner: -
--

ALTER TABLE ONLY public.asset_visuel
    ADD CONSTRAINT uk7dn6g08bj45cc6pt7625625l0 UNIQUE (uuid);


--
-- Name: gamme_prix uk7gib0fdopk8gpdws4bvvtintp; Type: CONSTRAINT; Schema: public; Owner: -
--

ALTER TABLE ONLY public.gamme_prix
    ADD CONSTRAINT uk7gib0fdopk8gpdws4bvvtintp UNIQUE (uuid);


--
-- Name: finition ukaiafjg2nh6g93prgimff3ri9f; Type: CONSTRAINT; Schema: public; Owner: -
--

ALTER TABLE ONLY public.finition
    ADD CONSTRAINT ukaiafjg2nh6g93prgimff3ri9f UNIQUE (uuid);


--
-- Name: technicien ukaoy0kkrs2ox5whhjxh2coj34d; Type: CONSTRAINT; Schema: public; Owner: -
--

ALTER TABLE ONLY public.technicien
    ADD CONSTRAINT ukaoy0kkrs2ox5whhjxh2coj34d UNIQUE (uuid);


--
-- Name: compatibilite_piece ukbth8u9ymjyw7vuv0goh56e078; Type: CONSTRAINT; Schema: public; Owner: -
--

ALTER TABLE ONLY public.compatibilite_piece
    ADD CONSTRAINT ukbth8u9ymjyw7vuv0goh56e078 UNIQUE (piece_id, vehicule_id);


--
-- Name: messages_chat_atelier ukc482shnpw654ufpxwxnb6gn39; Type: CONSTRAINT; Schema: public; Owner: -
--

ALTER TABLE ONLY public.messages_chat_atelier
    ADD CONSTRAINT ukc482shnpw654ufpxwxnb6gn39 UNIQUE (uuid);


--
-- Name: contact_messages ukcq7jydws2knyljl1now1h9sjn; Type: CONSTRAINT; Schema: public; Owner: -
--

ALTER TABLE ONLY public.contact_messages
    ADD CONSTRAINT ukcq7jydws2knyljl1now1h9sjn UNIQUE (uuid);


--
-- Name: lignes_proforma_travaux ukcxb498nuehopfnn4bprw6v9r8; Type: CONSTRAINT; Schema: public; Owner: -
--

ALTER TABLE ONLY public.lignes_proforma_travaux
    ADD CONSTRAINT ukcxb498nuehopfnn4bprw6v9r8 UNIQUE (uuid);


--
-- Name: plage_horaire ukdyufhsatwyh3tgvr52w9knv7y; Type: CONSTRAINT; Schema: public; Owner: -
--

ALTER TABLE ONLY public.plage_horaire
    ADD CONSTRAINT ukdyufhsatwyh3tgvr52w9knv7y UNIQUE (uuid);


--
-- Name: piece_detachee ukevsmijajhamciyv9crne7nn53; Type: CONSTRAINT; Schema: public; Owner: -
--

ALTER TABLE ONLY public.piece_detachee
    ADD CONSTRAINT ukevsmijajhamciyv9crne7nn53 UNIQUE (uuid);


--
-- Name: option_vehicule ukf1jjon8f3bd0ssq2ki1g75qdw; Type: CONSTRAINT; Schema: public; Owner: -
--

ALTER TABLE ONLY public.option_vehicule
    ADD CONSTRAINT ukf1jjon8f3bd0ssq2ki1g75qdw UNIQUE (uuid);


--
-- Name: configuration_vehicule ukf9rl6kxyjd1gkboou0p9m5vr6; Type: CONSTRAINT; Schema: public; Owner: -
--

ALTER TABLE ONLY public.configuration_vehicule
    ADD CONSTRAINT ukf9rl6kxyjd1gkboou0p9m5vr6 UNIQUE (uuid);


--
-- Name: motorisation ukfgq33m0lh1i9cndoo6hcs8wng; Type: CONSTRAINT; Schema: public; Owner: -
--

ALTER TABLE ONLY public.motorisation
    ADD CONSTRAINT ukfgq33m0lh1i9cndoo6hcs8wng UNIQUE (uuid);


--
-- Name: affectations_travail ukg6e026rvx2x4maww5ps75s9a5; Type: CONSTRAINT; Schema: public; Owner: -
--

ALTER TABLE ONLY public.affectations_travail
    ADD CONSTRAINT ukg6e026rvx2x4maww5ps75s9a5 UNIQUE (uuid);


--
-- Name: commentaire_ticket ukhrr59job7ybn8dl6ub5s1ll93; Type: CONSTRAINT; Schema: public; Owner: -
--

ALTER TABLE ONLY public.commentaire_ticket
    ADD CONSTRAINT ukhrr59job7ybn8dl6ub5s1ll93 UNIQUE (uuid);


--
-- Name: commande ukhvfade5yy4k9eatr48bo325sy; Type: CONSTRAINT; Schema: public; Owner: -
--

ALTER TABLE ONLY public.commande
    ADD CONSTRAINT ukhvfade5yy4k9eatr48bo325sy UNIQUE (uuid);


--
-- Name: pro_formas ukidii24flpbd4mstbshg2sx30v; Type: CONSTRAINT; Schema: public; Owner: -
--

ALTER TABLE ONLY public.pro_formas
    ADD CONSTRAINT ukidii24flpbd4mstbshg2sx30v UNIQUE (demande_id);


--
-- Name: favoris ukiqus1eaeg5bgxjmj9pido35qb; Type: CONSTRAINT; Schema: public; Owner: -
--

ALTER TABLE ONLY public.favoris
    ADD CONSTRAINT ukiqus1eaeg5bgxjmj9pido35qb UNIQUE (user_id, vehicule_id);


--
-- Name: demandes_intervention ukj90w29ds3tj5l845ectbasgwt; Type: CONSTRAINT; Schema: public; Owner: -
--

ALTER TABLE ONLY public.demandes_intervention
    ADD CONSTRAINT ukj90w29ds3tj5l845ectbasgwt UNIQUE (reference);


--
-- Name: historique_statuts_demande ukkimd6b6adxvaeeda4kqcgk5qd; Type: CONSTRAINT; Schema: public; Owner: -
--

ALTER TABLE ONLY public.historique_statuts_demande
    ADD CONSTRAINT ukkimd6b6adxvaeeda4kqcgk5qd UNIQUE (uuid);


--
-- Name: compatibilite_piece ukkvsbaoe575lokn1ediswk66jg; Type: CONSTRAINT; Schema: public; Owner: -
--

ALTER TABLE ONLY public.compatibilite_piece
    ADD CONSTRAINT ukkvsbaoe575lokn1ediswk66jg UNIQUE (uuid);


--
-- Name: categorie_piece ukltxncqbgnlvyive6gyfnexma; Type: CONSTRAINT; Schema: public; Owner: -
--

ALTER TABLE ONLY public.categorie_piece
    ADD CONSTRAINT ukltxncqbgnlvyive6gyfnexma UNIQUE (uuid);


--
-- Name: otp_codes uklwkmgrwi3hwrolquxvio9wtrk; Type: CONSTRAINT; Schema: public; Owner: -
--

ALTER TABLE ONLY public.otp_codes
    ADD CONSTRAINT uklwkmgrwi3hwrolquxvio9wtrk UNIQUE (uuid);


--
-- Name: account_confirmation_tokens ukmfs114bi2jcdwciqdsm64xft4; Type: CONSTRAINT; Schema: public; Owner: -
--

ALTER TABLE ONLY public.account_confirmation_tokens
    ADD CONSTRAINT ukmfs114bi2jcdwciqdsm64xft4 UNIQUE (token);


--
-- Name: regle_exclusion ukmi7bhwjdco6y9dy25osxyyw8y; Type: CONSTRAINT; Schema: public; Owner: -
--

ALTER TABLE ONLY public.regle_exclusion
    ADD CONSTRAINT ukmi7bhwjdco6y9dy25osxyyw8y UNIQUE (uuid);


--
-- Name: lignes_proforma_main_oeuvre uknqg4oam4h6o0eh45jjq377m4o; Type: CONSTRAINT; Schema: public; Owner: -
--

ALTER TABLE ONLY public.lignes_proforma_main_oeuvre
    ADD CONSTRAINT uknqg4oam4h6o0eh45jjq377m4o UNIQUE (uuid);


--
-- Name: servicesav uknsaey8lyo0ipw7c7547bllpn0; Type: CONSTRAINT; Schema: public; Owner: -
--

ALTER TABLE ONLY public.servicesav
    ADD CONSTRAINT uknsaey8lyo0ipw7c7547bllpn0 UNIQUE (uuid);


--
-- Name: rendez_vous ukord4glccdbe87qlqh8i6oupdx; Type: CONSTRAINT; Schema: public; Owner: -
--

ALTER TABLE ONLY public.rendez_vous
    ADD CONSTRAINT ukord4glccdbe87qlqh8i6oupdx UNIQUE (creneau_id);


--
-- Name: avis ukotvwwgmvxc9y14cia6n45hocu; Type: CONSTRAINT; Schema: public; Owner: -
--

ALTER TABLE ONLY public.avis
    ADD CONSTRAINT ukotvwwgmvxc9y14cia6n45hocu UNIQUE (uuid);


--
-- Name: ticket_sav ukpi48efwm8dg15n97rq3l6j0cj; Type: CONSTRAINT; Schema: public; Owner: -
--

ALTER TABLE ONLY public.ticket_sav
    ADD CONSTRAINT ukpi48efwm8dg15n97rq3l6j0cj UNIQUE (uuid);


--
-- Name: app_notifications ukqcq4spncaiow5jvsu05hgwe33; Type: CONSTRAINT; Schema: public; Owner: -
--

ALTER TABLE ONLY public.app_notifications
    ADD CONSTRAINT ukqcq4spncaiow5jvsu05hgwe33 UNIQUE (uuid);


--
-- Name: exception_plage ukqtf2lqndwddr0afqw7nps1yfb; Type: CONSTRAINT; Schema: public; Owner: -
--

ALTER TABLE ONLY public.exception_plage
    ADD CONSTRAINT ukqtf2lqndwddr0afqw7nps1yfb UNIQUE (uuid);


--
-- Name: users ukr43af9ap4edm43mmtq01oddj6; Type: CONSTRAINT; Schema: public; Owner: -
--

ALTER TABLE ONLY public.users
    ADD CONSTRAINT ukr43af9ap4edm43mmtq01oddj6 UNIQUE (username);


--
-- Name: pro_formas uks09c8eqpssm4h32vb66lt2d5r; Type: CONSTRAINT; Schema: public; Owner: -
--

ALTER TABLE ONLY public.pro_formas
    ADD CONSTRAINT uks09c8eqpssm4h32vb66lt2d5r UNIQUE (uuid);


--
-- Name: parametres_atelier uksa9lqaxmq501kx5oll0kb20a; Type: CONSTRAINT; Schema: public; Owner: -
--

ALTER TABLE ONLY public.parametres_atelier
    ADD CONSTRAINT uksa9lqaxmq501kx5oll0kb20a UNIQUE (uuid);


--
-- Name: account_confirmation_tokens ukt6u5i7cjtjlmi6bbhn0ogy9gh; Type: CONSTRAINT; Schema: public; Owner: -
--

ALTER TABLE ONLY public.account_confirmation_tokens
    ADD CONSTRAINT ukt6u5i7cjtjlmi6bbhn0ogy9gh UNIQUE (user_id);


--
-- Name: roles unique_role_name; Type: CONSTRAINT; Schema: public; Owner: -
--

ALTER TABLE ONLY public.roles
    ADD CONSTRAINT unique_role_name UNIQUE (name);


--
-- Name: user_roles user_roles_pkey; Type: CONSTRAINT; Schema: public; Owner: -
--

ALTER TABLE ONLY public.user_roles
    ADD CONSTRAINT user_roles_pkey PRIMARY KEY (user_id, role_id);


--
-- Name: users users_pkey; Type: CONSTRAINT; Schema: public; Owner: -
--

ALTER TABLE ONLY public.users
    ADD CONSTRAINT users_pkey PRIMARY KEY (id);


--
-- Name: vehicule vehicule_pkey; Type: CONSTRAINT; Schema: public; Owner: -
--

ALTER TABLE ONLY public.vehicule
    ADD CONSTRAINT vehicule_pkey PRIMARY KEY (id);


--
-- Name: idx_chat_demande; Type: INDEX; Schema: public; Owner: -
--

CREATE INDEX idx_chat_demande ON public.messages_chat USING btree (demande_id);


--
-- Name: idx_demande_client; Type: INDEX; Schema: public; Owner: -
--

CREATE INDEX idx_demande_client ON public.demandes_intervention USING btree (client_id);


--
-- Name: idx_demande_reference; Type: INDEX; Schema: public; Owner: -
--

CREATE INDEX idx_demande_reference ON public.demandes_intervention USING btree (reference);


--
-- Name: idx_demande_statut; Type: INDEX; Schema: public; Owner: -
--

CREATE INDEX idx_demande_statut ON public.demandes_intervention USING btree (statut);


--
-- Name: idx_mission_chauffeur; Type: INDEX; Schema: public; Owner: -
--

CREATE INDEX idx_mission_chauffeur ON public.missions_chauffeur USING btree (chauffeur_id);


--
-- Name: idx_mission_demande; Type: INDEX; Schema: public; Owner: -
--

CREATE INDEX idx_mission_demande ON public.missions_chauffeur USING btree (demande_id);


--
-- Name: idx_mission_statut; Type: INDEX; Schema: public; Owner: -
--

CREATE INDEX idx_mission_statut ON public.missions_chauffeur USING btree (statut);


--
-- Name: idx_otp_code; Type: INDEX; Schema: public; Owner: -
--

CREATE INDEX idx_otp_code ON public.otp_codes USING btree (code);


--
-- Name: idx_otp_user_id; Type: INDEX; Schema: public; Owner: -
--

CREATE INDEX idx_otp_user_id ON public.otp_codes USING btree (user_id);


--
-- Name: lignes_pf_travaux fk14l3q5siftsx7cck01h7icq3v; Type: FK CONSTRAINT; Schema: public; Owner: -
--

ALTER TABLE ONLY public.lignes_pf_travaux
    ADD CONSTRAINT fk14l3q5siftsx7cck01h7icq3v FOREIGN KEY (proforma_id) REFERENCES public.pro_formas(id);


--
-- Name: asset_visuel fk2h5geyo9xvl79mxa9y0twbj5t; Type: FK CONSTRAINT; Schema: public; Owner: -
--

ALTER TABLE ONLY public.asset_visuel
    ADD CONSTRAINT fk2h5geyo9xvl79mxa9y0twbj5t FOREIGN KEY (option_id) REFERENCES public.option_vehicule(id);


--
-- Name: regle_exclusion fk2p2um1q0sdj66u4h7vnkw3rin; Type: FK CONSTRAINT; Schema: public; Owner: -
--

ALTER TABLE ONLY public.regle_exclusion
    ADD CONSTRAINT fk2p2um1q0sdj66u4h7vnkw3rin FOREIGN KEY (option_b_id) REFERENCES public.option_vehicule(id);


--
-- Name: favoris fk2uwgnaadpjc5id02tub45nrfq; Type: FK CONSTRAINT; Schema: public; Owner: -
--

ALTER TABLE ONLY public.favoris
    ADD CONSTRAINT fk2uwgnaadpjc5id02tub45nrfq FOREIGN KEY (user_id) REFERENCES public.users(id);


--
-- Name: demandes_intervention fk35ttsfjscj4t7apvy1w2loouf; Type: FK CONSTRAINT; Schema: public; Owner: -
--

ALTER TABLE ONLY public.demandes_intervention
    ADD CONSTRAINT fk35ttsfjscj4t7apvy1w2loouf FOREIGN KEY (receptionniste_id) REFERENCES public.users(id);


--
-- Name: plage_horaire fk3a6loe6k0t13cgcw9ndrlgl6o; Type: FK CONSTRAINT; Schema: public; Owner: -
--

ALTER TABLE ONLY public.plage_horaire
    ADD CONSTRAINT fk3a6loe6k0t13cgcw9ndrlgl6o FOREIGN KEY (technicien_id) REFERENCES public.technicien(id);


--
-- Name: demandes_intervention fk4ql5nvj13a0kcaf55hqbjso4l; Type: FK CONSTRAINT; Schema: public; Owner: -
--

ALTER TABLE ONLY public.demandes_intervention
    ADD CONSTRAINT fk4ql5nvj13a0kcaf55hqbjso4l FOREIGN KEY (creneau_visite_id) REFERENCES public.rendez_vous(id);


--
-- Name: lignes_proforma_travaux fk5ad79dt8rlneb8k4kwkqpuqmy; Type: FK CONSTRAINT; Schema: public; Owner: -
--

ALTER TABLE ONLY public.lignes_proforma_travaux
    ADD CONSTRAINT fk5ad79dt8rlneb8k4kwkqpuqmy FOREIGN KEY (piece_id) REFERENCES public.piece_detachee(id);


--
-- Name: configuration_options fk5eexpnuaslg9a2ep46qr431pb; Type: FK CONSTRAINT; Schema: public; Owner: -
--

ALTER TABLE ONLY public.configuration_options
    ADD CONSTRAINT fk5eexpnuaslg9a2ep46qr431pb FOREIGN KEY (configuration_id) REFERENCES public.configuration_vehicule(id);


--
-- Name: partage_token fk5l1barlfbubqyiuscxl26r2at; Type: FK CONSTRAINT; Schema: public; Owner: -
--

ALTER TABLE ONLY public.partage_token
    ADD CONSTRAINT fk5l1barlfbubqyiuscxl26r2at FOREIGN KEY (config_id) REFERENCES public.configuration_vehicule(id);


--
-- Name: rendez_vous fk5uj7qd6t68wkkr6ty9jrt9e53; Type: FK CONSTRAINT; Schema: public; Owner: -
--

ALTER TABLE ONLY public.rendez_vous
    ADD CONSTRAINT fk5uj7qd6t68wkkr6ty9jrt9e53 FOREIGN KEY (creneau_id) REFERENCES public.creneau_horaire(id);


--
-- Name: motorisation fk6k5nfb2xd8sgy6g41ucge2qnk; Type: FK CONSTRAINT; Schema: public; Owner: -
--

ALTER TABLE ONLY public.motorisation
    ADD CONSTRAINT fk6k5nfb2xd8sgy6g41ucge2qnk FOREIGN KEY (vehicule_id) REFERENCES public.vehicule(id);


--
-- Name: regle_exclusion fk75e3oey55whjhfrc9nxvibqly; Type: FK CONSTRAINT; Schema: public; Owner: -
--

ALTER TABLE ONLY public.regle_exclusion
    ADD CONSTRAINT fk75e3oey55whjhfrc9nxvibqly FOREIGN KEY (option_a_id) REFERENCES public.option_vehicule(id);


--
-- Name: lignes_pf_travaux fk7bk48plkkiwni1lv4uikjbdyk; Type: FK CONSTRAINT; Schema: public; Owner: -
--

ALTER TABLE ONLY public.lignes_pf_travaux
    ADD CONSTRAINT fk7bk48plkkiwni1lv4uikjbdyk FOREIGN KEY (piece_id) REFERENCES public.piece_detachee(id);


--
-- Name: messages_chat fk7hnqc5yjaplb71damin6aus98; Type: FK CONSTRAINT; Schema: public; Owner: -
--

ALTER TABLE ONLY public.messages_chat
    ADD CONSTRAINT fk7hnqc5yjaplb71damin6aus98 FOREIGN KEY (demande_id) REFERENCES public.demandes_intervention(id);


--
-- Name: configuration_vehicule fk7y0bejqnngk4bejgw7wbqdb0f; Type: FK CONSTRAINT; Schema: public; Owner: -
--

ALTER TABLE ONLY public.configuration_vehicule
    ADD CONSTRAINT fk7y0bejqnngk4bejgw7wbqdb0f FOREIGN KEY (motorisation_id) REFERENCES public.motorisation(id);


--
-- Name: creneau_horaire fk8anhnw31wjqnskh3j64bf90x4; Type: FK CONSTRAINT; Schema: public; Owner: -
--

ALTER TABLE ONLY public.creneau_horaire
    ADD CONSTRAINT fk8anhnw31wjqnskh3j64bf90x4 FOREIGN KEY (technicien_id) REFERENCES public.technicien(id);


--
-- Name: ticket_sav fk9rfqunc6i63id3gl7w4psmmbq; Type: FK CONSTRAINT; Schema: public; Owner: -
--

ALTER TABLE ONLY public.ticket_sav
    ADD CONSTRAINT fk9rfqunc6i63id3gl7w4psmmbq FOREIGN KEY (user_id) REFERENCES public.users(id);


--
-- Name: pro_formas fka9jla0woai93gnku1vgvggxs; Type: FK CONSTRAINT; Schema: public; Owner: -
--

ALTER TABLE ONLY public.pro_formas
    ADD CONSTRAINT fka9jla0woai93gnku1vgvggxs FOREIGN KEY (demande_id) REFERENCES public.demandes_intervention(id);


--
-- Name: configuration_options fkahfysr6wo74fdxdd9n23pv5c2; Type: FK CONSTRAINT; Schema: public; Owner: -
--

ALTER TABLE ONLY public.configuration_options
    ADD CONSTRAINT fkahfysr6wo74fdxdd9n23pv5c2 FOREIGN KEY (option_id) REFERENCES public.option_vehicule(id);


--
-- Name: missions_chauffeur fkbkgmdd5sxw1n6jxva9w635k7q; Type: FK CONSTRAINT; Schema: public; Owner: -
--

ALTER TABLE ONLY public.missions_chauffeur
    ADD CONSTRAINT fkbkgmdd5sxw1n6jxva9w635k7q FOREIGN KEY (chauffeur_id) REFERENCES public.users(id);


--
-- Name: piece_detachee fkc6bkdti6xoysh9nreux1nvkfb; Type: FK CONSTRAINT; Schema: public; Owner: -
--

ALTER TABLE ONLY public.piece_detachee
    ADD CONSTRAINT fkc6bkdti6xoysh9nreux1nvkfb FOREIGN KEY (categorie_id) REFERENCES public.categorie_piece(id);


--
-- Name: demandes_intervention fkc707c2oxamfbncvtwor5janxl; Type: FK CONSTRAINT; Schema: public; Owner: -
--

ALTER TABLE ONLY public.demandes_intervention
    ADD CONSTRAINT fkc707c2oxamfbncvtwor5janxl FOREIGN KEY (creneau_souhaite_id) REFERENCES public.plage_horaire_diwa(id);


--
-- Name: configuration_vehicule fkcaum4h2h616986mkrti489gid; Type: FK CONSTRAINT; Schema: public; Owner: -
--

ALTER TABLE ONLY public.configuration_vehicule
    ADD CONSTRAINT fkcaum4h2h616986mkrti489gid FOREIGN KEY (finition_id) REFERENCES public.finition(id);


--
-- Name: missions_chauffeur fkd8kprh314dmw7f8xt7r9iv5ev; Type: FK CONSTRAINT; Schema: public; Owner: -
--

ALTER TABLE ONLY public.missions_chauffeur
    ADD CONSTRAINT fkd8kprh314dmw7f8xt7r9iv5ev FOREIGN KEY (creneau_id) REFERENCES public.plage_horaire_diwa(id);


--
-- Name: commande fkdoxqj5u97rh2fx400mxnviuli; Type: FK CONSTRAINT; Schema: public; Owner: -
--

ALTER TABLE ONLY public.commande
    ADD CONSTRAINT fkdoxqj5u97rh2fx400mxnviuli FOREIGN KEY (user_id) REFERENCES public.users(id);


--
-- Name: rendez_vous fkdsjdq7ao3so0urwu6sqedfhm6; Type: FK CONSTRAINT; Schema: public; Owner: -
--

ALTER TABLE ONLY public.rendez_vous
    ADD CONSTRAINT fkdsjdq7ao3so0urwu6sqedfhm6 FOREIGN KEY (service_id) REFERENCES public.servicesav(id);


--
-- Name: demandes_intervention fke0ub850x2qf3d7hbrd073gws3; Type: FK CONSTRAINT; Schema: public; Owner: -
--

ALTER TABLE ONLY public.demandes_intervention
    ADD CONSTRAINT fke0ub850x2qf3d7hbrd073gws3 FOREIGN KEY (creneau_visite_id) REFERENCES public.creneau_horaire(id);


--
-- Name: demandes_intervention fkevh6b9rxuouo14tmkgnlghx1w; Type: FK CONSTRAINT; Schema: public; Owner: -
--

ALTER TABLE ONLY public.demandes_intervention
    ADD CONSTRAINT fkevh6b9rxuouo14tmkgnlghx1w FOREIGN KEY (technicien_id) REFERENCES public.users(id);


--
-- Name: historique_statuts_demande fkf1syf0wtykrf5vqi3uhcv2jfn; Type: FK CONSTRAINT; Schema: public; Owner: -
--

ALTER TABLE ONLY public.historique_statuts_demande
    ADD CONSTRAINT fkf1syf0wtykrf5vqi3uhcv2jfn FOREIGN KEY (demande_id) REFERENCES public.demandes_intervention(id);


--
-- Name: ticket_sav fkf237efyfy13gan3l4boguj14j; Type: FK CONSTRAINT; Schema: public; Owner: -
--

ALTER TABLE ONLY public.ticket_sav
    ADD CONSTRAINT fkf237efyfy13gan3l4boguj14j FOREIGN KEY (technicien_id) REFERENCES public.technicien(id);


--
-- Name: messages_chat_atelier fkf2ufdaul65tomsyrwrd9uv2pu; Type: FK CONSTRAINT; Schema: public; Owner: -
--

ALTER TABLE ONLY public.messages_chat_atelier
    ADD CONSTRAINT fkf2ufdaul65tomsyrwrd9uv2pu FOREIGN KEY (demande_id) REFERENCES public.demandes_intervention(id);


--
-- Name: lignes_proforma_main_oeuvre fkfh2sycbs462jeivaeuwvvwbo2; Type: FK CONSTRAINT; Schema: public; Owner: -
--

ALTER TABLE ONLY public.lignes_proforma_main_oeuvre
    ADD CONSTRAINT fkfh2sycbs462jeivaeuwvvwbo2 FOREIGN KEY (proforma_id) REFERENCES public.pro_formas(id);


--
-- Name: demandes_intervention fkfqn35uyrt0ejvb0tpsitkajec; Type: FK CONSTRAINT; Schema: public; Owner: -
--

ALTER TABLE ONLY public.demandes_intervention
    ADD CONSTRAINT fkfqn35uyrt0ejvb0tpsitkajec FOREIGN KEY (chef_technicien_id) REFERENCES public.users(id);


--
-- Name: ligne_de_commande fkfv205o8aatlnoylt01artdlh6; Type: FK CONSTRAINT; Schema: public; Owner: -
--

ALTER TABLE ONLY public.ligne_de_commande
    ADD CONSTRAINT fkfv205o8aatlnoylt01artdlh6 FOREIGN KEY (commande_id) REFERENCES public.commande(id);


--
-- Name: app_notifications fkg64v68jxyvxh8x2ddfktw30n0; Type: FK CONSTRAINT; Schema: public; Owner: -
--

ALTER TABLE ONLY public.app_notifications
    ADD CONSTRAINT fkg64v68jxyvxh8x2ddfktw30n0 FOREIGN KEY (user_id) REFERENCES public.users(id);


--
-- Name: pro_formas fkg6er4ybt7l3tf51vc80g6aaph; Type: FK CONSTRAINT; Schema: public; Owner: -
--

ALTER TABLE ONLY public.pro_formas
    ADD CONSTRAINT fkg6er4ybt7l3tf51vc80g6aaph FOREIGN KEY (receptionniste_id) REFERENCES public.users(id);


--
-- Name: avis fkg8t2riyadxmhnf2qpvkopbfki; Type: FK CONSTRAINT; Schema: public; Owner: -
--

ALTER TABLE ONLY public.avis
    ADD CONSTRAINT fkg8t2riyadxmhnf2qpvkopbfki FOREIGN KEY (user_id) REFERENCES public.users(id);


--
-- Name: affectations_travail fkgp6btodti8r37xg20tb9jk4su; Type: FK CONSTRAINT; Schema: public; Owner: -
--

ALTER TABLE ONLY public.affectations_travail
    ADD CONSTRAINT fkgp6btodti8r37xg20tb9jk4su FOREIGN KEY (technicien_id) REFERENCES public.technicien(id);


--
-- Name: user_roles fkh8ciramu9cc9q3qcqiv4ue8a6; Type: FK CONSTRAINT; Schema: public; Owner: -
--

ALTER TABLE ONLY public.user_roles
    ADD CONSTRAINT fkh8ciramu9cc9q3qcqiv4ue8a6 FOREIGN KEY (role_id) REFERENCES public.roles(id);


--
-- Name: user_roles fkhfh9dx7w3ubf1co1vdev94g3f; Type: FK CONSTRAINT; Schema: public; Owner: -
--

ALTER TABLE ONLY public.user_roles
    ADD CONSTRAINT fkhfh9dx7w3ubf1co1vdev94g3f FOREIGN KEY (user_id) REFERENCES public.users(id);


--
-- Name: pro_formas fkho9w3bkklvfgroeylqrhhad3t; Type: FK CONSTRAINT; Schema: public; Owner: -
--

ALTER TABLE ONLY public.pro_formas
    ADD CONSTRAINT fkho9w3bkklvfgroeylqrhhad3t FOREIGN KEY (chef_technicien_id) REFERENCES public.users(id);


--
-- Name: vehicule_couleurs fki1y3uxmrangcpippxw4ax86df; Type: FK CONSTRAINT; Schema: public; Owner: -
--

ALTER TABLE ONLY public.vehicule_couleurs
    ADD CONSTRAINT fki1y3uxmrangcpippxw4ax86df FOREIGN KEY (vehicule_id) REFERENCES public.vehicule(id);


--
-- Name: missions_chauffeur fkioyy227fic12s841ps16x9bj; Type: FK CONSTRAINT; Schema: public; Owner: -
--

ALTER TABLE ONLY public.missions_chauffeur
    ADD CONSTRAINT fkioyy227fic12s841ps16x9bj FOREIGN KEY (demande_id) REFERENCES public.demandes_intervention(id);


--
-- Name: compatibilite_piece fkk0056ytmrbjbr3cc10m6ibhmb; Type: FK CONSTRAINT; Schema: public; Owner: -
--

ALTER TABLE ONLY public.compatibilite_piece
    ADD CONSTRAINT fkk0056ytmrbjbr3cc10m6ibhmb FOREIGN KEY (vehicule_id) REFERENCES public.vehicule(id);


--
-- Name: affectations_travail fkk5lns936lvxtrpwd9d77vlfqw; Type: FK CONSTRAINT; Schema: public; Owner: -
--

ALTER TABLE ONLY public.affectations_travail
    ADD CONSTRAINT fkk5lns936lvxtrpwd9d77vlfqw FOREIGN KEY (proforma_id) REFERENCES public.pro_formas(id);


--
-- Name: lignes_proforma_travaux fkkd77e6hl4s7dx8i55l5come8a; Type: FK CONSTRAINT; Schema: public; Owner: -
--

ALTER TABLE ONLY public.lignes_proforma_travaux
    ADD CONSTRAINT fkkd77e6hl4s7dx8i55l5come8a FOREIGN KEY (proforma_id) REFERENCES public.pro_formas(id);


--
-- Name: messages_chat fkkipq9loe67le357dh9hnaine2; Type: FK CONSTRAINT; Schema: public; Owner: -
--

ALTER TABLE ONLY public.messages_chat
    ADD CONSTRAINT fkkipq9loe67le357dh9hnaine2 FOREIGN KEY (auteur_id) REFERENCES public.users(id);


--
-- Name: lignes_pf_main_oeuvre fklhbdkgouh5sfg0akxefh2sked; Type: FK CONSTRAINT; Schema: public; Owner: -
--

ALTER TABLE ONLY public.lignes_pf_main_oeuvre
    ADD CONSTRAINT fklhbdkgouh5sfg0akxefh2sked FOREIGN KEY (proforma_id) REFERENCES public.pro_formas(id);


--
-- Name: affectations_travail fklwxds0sbi2v3vb61c8bvab09g; Type: FK CONSTRAINT; Schema: public; Owner: -
--

ALTER TABLE ONLY public.affectations_travail
    ADD CONSTRAINT fklwxds0sbi2v3vb61c8bvab09g FOREIGN KEY (demande_id) REFERENCES public.demandes_intervention(id);


--
-- Name: historique_statuts_demande fklxf2rycmsnyfcf6vggwin5s6n; Type: FK CONSTRAINT; Schema: public; Owner: -
--

ALTER TABLE ONLY public.historique_statuts_demande
    ADD CONSTRAINT fklxf2rycmsnyfcf6vggwin5s6n FOREIGN KEY (auteur_id) REFERENCES public.users(id);


--
-- Name: exception_plage fkm7bik3inn0o2c15auv4bl0isr; Type: FK CONSTRAINT; Schema: public; Owner: -
--

ALTER TABLE ONLY public.exception_plage
    ADD CONSTRAINT fkm7bik3inn0o2c15auv4bl0isr FOREIGN KEY (createur_id) REFERENCES public.users(id);


--
-- Name: configuration_vehicule fkm7w9vtxdt8ukn02aoykxyhfqr; Type: FK CONSTRAINT; Schema: public; Owner: -
--

ALTER TABLE ONLY public.configuration_vehicule
    ADD CONSTRAINT fkm7w9vtxdt8ukn02aoykxyhfqr FOREIGN KEY (user_id) REFERENCES public.users(id);


--
-- Name: rendez_vous fkmuobtvqib2ik5k04rt5t1rtpl; Type: FK CONSTRAINT; Schema: public; Owner: -
--

ALTER TABLE ONLY public.rendez_vous
    ADD CONSTRAINT fkmuobtvqib2ik5k04rt5t1rtpl FOREIGN KEY (vehicule_id) REFERENCES public.vehicule(id);


--
-- Name: finition fknqk0qkisxgb42u7uoei1i36ek; Type: FK CONSTRAINT; Schema: public; Owner: -
--

ALTER TABLE ONLY public.finition
    ADD CONSTRAINT fknqk0qkisxgb42u7uoei1i36ek FOREIGN KEY (vehicule_id) REFERENCES public.vehicule(id);


--
-- Name: option_vehicule fko86sfss079c91asnxkr4juso3; Type: FK CONSTRAINT; Schema: public; Owner: -
--

ALTER TABLE ONLY public.option_vehicule
    ADD CONSTRAINT fko86sfss079c91asnxkr4juso3 FOREIGN KEY (vehicule_id) REFERENCES public.vehicule(id);


--
-- Name: demandes_intervention fko9yyhh6bbrfpljmw4d1glbv2b; Type: FK CONSTRAINT; Schema: public; Owner: -
--

ALTER TABLE ONLY public.demandes_intervention
    ADD CONSTRAINT fko9yyhh6bbrfpljmw4d1glbv2b FOREIGN KEY (technicien_id) REFERENCES public.technicien(id);


--
-- Name: account_confirmation_tokens fkpb89hoh2vabgi1pvwdntm545i; Type: FK CONSTRAINT; Schema: public; Owner: -
--

ALTER TABLE ONLY public.account_confirmation_tokens
    ADD CONSTRAINT fkpb89hoh2vabgi1pvwdntm545i FOREIGN KEY (user_id) REFERENCES public.users(id);


--
-- Name: demandes_intervention fkpywmtryyijdtunjypigln6jn4; Type: FK CONSTRAINT; Schema: public; Owner: -
--

ALTER TABLE ONLY public.demandes_intervention
    ADD CONSTRAINT fkpywmtryyijdtunjypigln6jn4 FOREIGN KEY (chauffeur_recuperation_id) REFERENCES public.users(id);


--
-- Name: configuration_vehicule fkq01vged8lussi6h4njd1idpyd; Type: FK CONSTRAINT; Schema: public; Owner: -
--

ALTER TABLE ONLY public.configuration_vehicule
    ADD CONSTRAINT fkq01vged8lussi6h4njd1idpyd FOREIGN KEY (vehicule_id) REFERENCES public.vehicule(id);


--
-- Name: rendez_vous fkqcj3x5n8sj8cgpelfsa8csso8; Type: FK CONSTRAINT; Schema: public; Owner: -
--

ALTER TABLE ONLY public.rendez_vous
    ADD CONSTRAINT fkqcj3x5n8sj8cgpelfsa8csso8 FOREIGN KEY (technicien_id) REFERENCES public.technicien(id);


--
-- Name: compatibilite_piece fkqj7nc31ohnvq34svqy3fremp; Type: FK CONSTRAINT; Schema: public; Owner: -
--

ALTER TABLE ONLY public.compatibilite_piece
    ADD CONSTRAINT fkqj7nc31ohnvq34svqy3fremp FOREIGN KEY (piece_id) REFERENCES public.piece_detachee(id);


--
-- Name: avis fkqlkyxktdjoa61phryqg8kk5v1; Type: FK CONSTRAINT; Schema: public; Owner: -
--

ALTER TABLE ONLY public.avis
    ADD CONSTRAINT fkqlkyxktdjoa61phryqg8kk5v1 FOREIGN KEY (vehicule_id) REFERENCES public.vehicule(id);


--
-- Name: messages_chat_atelier fkqu51ltmk23ok1xvmy7by9qp1w; Type: FK CONSTRAINT; Schema: public; Owner: -
--

ALTER TABLE ONLY public.messages_chat_atelier
    ADD CONSTRAINT fkqu51ltmk23ok1xvmy7by9qp1w FOREIGN KEY (auteur_id) REFERENCES public.users(id);


--
-- Name: favoris fkr0hd8pqqql6qrqmmxcdc22obw; Type: FK CONSTRAINT; Schema: public; Owner: -
--

ALTER TABLE ONLY public.favoris
    ADD CONSTRAINT fkr0hd8pqqql6qrqmmxcdc22obw FOREIGN KEY (vehicule_id) REFERENCES public.vehicule(id);


--
-- Name: asset_visuel fkr1y6myi4nmfs4j3nokridg8hp; Type: FK CONSTRAINT; Schema: public; Owner: -
--

ALTER TABLE ONLY public.asset_visuel
    ADD CONSTRAINT fkr1y6myi4nmfs4j3nokridg8hp FOREIGN KEY (vehicule_id) REFERENCES public.vehicule(id);


--
-- Name: coupons_reduction fkr3lt776avwriwrw2bmr7psmfu; Type: FK CONSTRAINT; Schema: public; Owner: -
--

ALTER TABLE ONLY public.coupons_reduction
    ADD CONSTRAINT fkr3lt776avwriwrw2bmr7psmfu FOREIGN KEY (createur_id) REFERENCES public.users(id);


--
-- Name: rendez_vous fkrkxjlsiic63q9mqvc1vm616as; Type: FK CONSTRAINT; Schema: public; Owner: -
--

ALTER TABLE ONLY public.rendez_vous
    ADD CONSTRAINT fkrkxjlsiic63q9mqvc1vm616as FOREIGN KEY (user_id) REFERENCES public.users(id);


--
-- Name: demandes_intervention fkrsd9wp95pqjk4pd93jwf7sykg; Type: FK CONSTRAINT; Schema: public; Owner: -
--

ALTER TABLE ONLY public.demandes_intervention
    ADD CONSTRAINT fkrsd9wp95pqjk4pd93jwf7sykg FOREIGN KEY (client_id) REFERENCES public.users(id);


--
-- Name: demandes_intervention fksfsees2hld0o33hs0oar0wujk; Type: FK CONSTRAINT; Schema: public; Owner: -
--

ALTER TABLE ONLY public.demandes_intervention
    ADD CONSTRAINT fksfsees2hld0o33hs0oar0wujk FOREIGN KEY (chauffeur_livraison_id) REFERENCES public.users(id);


--
-- Name: commentaire_ticket fkt6dh4np9qemuprt5i15acbunx; Type: FK CONSTRAINT; Schema: public; Owner: -
--

ALTER TABLE ONLY public.commentaire_ticket
    ADD CONSTRAINT fkt6dh4np9qemuprt5i15acbunx FOREIGN KEY (ticket_id) REFERENCES public.ticket_sav(id);


--
-- Name: otp_codes fkt9j4to767daef0ws3fiixis0y; Type: FK CONSTRAINT; Schema: public; Owner: -
--

ALTER TABLE ONLY public.otp_codes
    ADD CONSTRAINT fkt9j4to767daef0ws3fiixis0y FOREIGN KEY (user_id) REFERENCES public.users(id);


--
-- Name: exception_plage fktqe1pbelje6yuw7xbfltfj9rj; Type: FK CONSTRAINT; Schema: public; Owner: -
--

ALTER TABLE ONLY public.exception_plage
    ADD CONSTRAINT fktqe1pbelje6yuw7xbfltfj9rj FOREIGN KEY (plage_id) REFERENCES public.plage_horaire_diwa(id);


--
-- PostgreSQL database dump complete
--

